idL,nom,prix,description_event,date_event
281,"Other Side of Bollywood, The",,Passive noise reduction headphones for focus.,2020-06-15 08:12:06
36,Torment (Hets),,,2021-07-31 16:27:27
539,Coming Out,582,Spreadable cream cheese with garlic and herbs.,2022-03-11 18:20:12
671,"Satanic Rites of Dracula, The",,Comfortable and warm leggings perfect for colder weather.,2023-07-26 10:21:39
218,"Prey, The (La proie)",343,Complete set to brew coffee with different methods.,2020-02-18 00:26:51
294,"Sommer der Gaukler, Der",,Classic wooden building blocks for toddlers.,2025-06-17 19:16:26
149,"Answer Man, The (a.k.a. Arlen Faber)",103,Light and fluffy popcorn coated in aged white cheddar.,2025-10-15 21:06:20
626,Home Page,87,A mix of brined Mediterranean olives for snacking.,2020-06-03 23:05:46
648,Reel Injun,164,"Ready-to-eat chia seed pudding made with coconut milk, perfect for breakfast or dessert.",2020-05-18 09:17:00
689,Leonard Cohen: I'm Your Man,,,2021-06-21 12:08:40
468,Closing the Ring,636,Creamy and crumbly cheese for salads and dishes.,2022-12-25 14:13:25
119,Ballad of the Paper Balloons (a.k.a. Humanity and Paper Balloons) (Ninjô kami fûsen),,Crispy dill pickles that are perfect for snacking or sandwiches.,2022-02-05 04:43:39
384,Scary Movie 3,,"A zesty salsa made with peaches and mangos, great for chips.",2021-01-28 18:28:02
393,Gracie's Choice,,,2022-07-20 14:36:28
120,Cop and ½,246,,2023-02-09 19:39:13
394,"Place in the Sun, A (En plats i solen)",350,,2020-10-16 16:27:20
603,Free to Play,181,Compact trash can for keeping your car clean.,2022-07-18 06:40:07
317,Arsenic and Old Lace,65,Rich and creamy almond milk with a hint of chocolate.,2025-06-12 05:58:49
673,Lower City (Cidade Baixa),,Portable battery pack to charge laptops while on the move.,2022-12-30 05:20:34
501,Linewatch,,,2024-02-09 10:08:22
283,Tomorrow at Dawn (Demain dès l'aube),36,,2024-01-30 12:37:17
521,Madam Satan,,"Lean and versatile ground turkey, perfect for various dishes.",2024-07-15 19:02:50
699,"Bikini Carwash Company, The",145,"Low-carb zucchini noodles, perfect for a healthy alternative to pasta.",2021-10-09 19:56:10
630,"Take Her, She's Mine",,"Lightweight, expandable hoses for easy handling.",2023-09-03 11:11:47
48,"Othello (Tragedy of Othello: The Moor of Venice, The)",690,"Fruits dipped in rich chocolate, perfect for desserts.",2024-08-05 17:55:29
265,Forever,9,Eco-friendly soy candles with a variety of scents.,2021-01-08 03:43:44
596,"Target Shoots First, The",230,Short-grain sushi rice for perfect rolls.,2021-03-07 03:23:35
530,Consenting Adults,,,2025-05-11 11:10:28
113,Spin,481,Extra virgin olive oil infused with fresh basil.,2021-11-29 23:40:40
503,Love That Boy,,,2022-02-15 11:34:27
558,"Motivation, The",,"Coffee blend infused with pumpkin spice, perfect for fall.",2024-01-02 20:30:25
534,"Rudolph, the Red-Nosed Reindeer",206,"Light and crispy baked chips, a healthier snack option.",2025-03-13 22:04:07
468,Out of the Clear Blue Sky,280,Rich sauce for desserts and ice cream.,2025-06-28 00:45:53
283,Gunless,28,"Firm tofu, a great plant-based protein option.",2023-07-08 20:12:00
297,"Woman in the Fifth, The (Femme du Vème, La)",358,"A flavorful garlic butter blend, perfect for cooking or baking.",2021-09-05 19:12:34
164,Pokémon: The First Movie,208,,2024-07-22 03:34:10
203,The Circle,699,"Sweet, chewy dried apricots, great for snacking or baking.",2022-10-09 02:31:00
288,The Mule,74,"Refreshing and tangy fermented tea, available in various flavors.",2022-04-11 06:11:36
435,"Conqueror, The",,Challenging 1000-piece jigsaw puzzle for all ages.,2024-01-21 23:29:38
689,"Woman Always Pays, The (Afgrunden) (Abyss, The)",98,"A classic soup combining tomatoes and basil, great with grilled cheese sandwiches.",2024-01-11 05:36:41
599,"I, the Worst of All (Yo, la peor de todas)",,,2022-08-26 12:21:49
142,Shun Li and the Poet,633,"A mix of strawberries, blueberries, and raspberries, perfect for smoothies.",2020-11-17 14:34:56
10,Cast A Deadly Spell,578,,2023-12-29 07:04:36
106,Bad 25,,,2021-02-11 05:23:07
421,Relax... It's Just Sex,,,2025-12-16 07:46:05
544,Rocky Balboa,,,2025-05-26 02:37:49
477,Screwed,,Reusable suction cup hooks for hanging items.,2024-03-15 12:34:17
358,Face to Face (Faccia a faccia),493,Delicious veggie burgers loaded with grilled vegetables.,2022-03-21 10:34:43
446,"Professionals, The",,Floating bookshelf to display your favorite books.,2020-12-01 16:08:02
18,Kids for Cash,493,Creamy mashed sweet potatoes with a hint of cinnamon.,2023-07-01 20:19:24
262,Since Otar Left (Depuis qu'Otar est parti...),,"Ready-to-eat salad with kale, lemon, and cheese.",2025-07-01 23:35:47
65,Bagdad Cafe (Out of Rosenheim),124,A stunning lace dress perfect for special occasions.,2020-02-16 00:51:01
683,Iron Man 2,399,Rechargeable electric razor for a smooth shave.,2023-04-08 23:59:48
189,Captive Heart: The James Mink Story,298,Creamy pumpkin soup with spices,2024-06-09 06:51:34
223,Cul-de-sac,335,"Heavy-duty rope suitable for boating, camping, and general use.",2025-04-04 07:30:56
611,High School Musical 3: Senior Year,,,2022-08-30 19:44:21
538,Lion of the Desert,178,Protective goggles for DIY and construction work.,2021-01-23 14:40:53
311,Symbol (Shinboru),431,"Firm tofu, a great plant-based protein option.",2024-04-16 10:49:34
694,Mail Order Bride,398,"Traditional Korean fermented vegetables, packed with flavor.",2023-05-18 13:46:54
339,Batman & Mr. Freeze: Subzero,638,A flavorful rice side dish seasoned with herbs and spices.,2025-04-13 04:03:47
567,Starting Out in the Evening,,,2021-03-02 23:40:57
569,"Eye for an Eye, An (Oeil pour oeil) (Eyes of the Sahara)",,Refreshing sorbet with a zesty lemon flavor.,2023-03-19 14:56:20
86,"Projectionist, The",,Everything you need to make melt-in-your-mouth cinnamon rolls at home.,2022-03-21 23:18:47
276,"Immigrant, The",,Multi-level scratching post to keep your cat entertained.,2022-05-20 16:44:16
667,"Sunshine Boys, The",646,Delicious canned pineapple rings for desserts or salads.,2023-10-25 21:14:51
489,"Rise & Fall of ECW, The",625,Comfortable and breathable backpack for carrying small pets.,2021-12-26 05:48:22
509,Four Sons,,Trendy high-top canvas sneakers for a stylish streetwear look.,2020-10-26 03:42:46
226,Armour of God (Long xiong hu di),226,Unsweetened cacao powder for baking and smoothies.,2022-09-23 21:53:19
481,"Mikado, The",362,Fresh and juicy cherry tomatoes for salads and snacking.,2022-04-10 07:32:29
663,Armageddon,448,Adjustable weighted jump rope for workouts.,2020-10-17 12:19:11
152,"Confession, The",248,Essential attachments for pressure washing.,2020-02-10 22:07:12
541,Snow Beast ,45,Nostalgic clock that adds charm to any room.,2025-02-17 18:29:57
414,San Quentin,67,"Bright and fragrant cilantro, great for garnishes.",2020-04-05 03:26:26
98,"Dark Angel: Ascent, The",,Plant-based protein powder for post-workout recovery.,2024-01-22 15:17:00
662,Sky West and Crooked (Gypsy Girl),,"Creamy ranch dressing, perfect for salads and dips.",2021-09-08 07:09:18
433,Floating Weeds (Ukigusa),398,Space-saving colander for rinsing fruits and vegetables.,2025-03-29 16:36:44
289,SubUrbia,,Tool to check car engine codes and performance issues.,2024-12-29 22:45:54
260,Code Unknown (Code inconnu: Récit incomplet de divers voyages),,A mix to create a delicious onion dip for parties or snacking.,2021-08-10 13:01:33
661,Treeless Mountain,,Stylish tote to keep wine bottles chilled while traveling.,2022-03-24 05:10:47
46,Uncertainty,55,,2023-10-03 01:02:53
165,Vacation from Marriage,269,,2022-07-11 13:52:16
662,Vares: Private Eye (Vares - Yksityisetsivä),,Light and fluffy popcorn coated in aged white cheddar.,2021-06-07 22:51:48
670,Night of the Day of the Dawn of the Son of the Bride of the Return of the Terror,,A soothing herbal tea made from ginger root.,2024-04-16 18:36:09
566,You Can't Win 'Em All,,"Sweet and tart dried cranberries, great for salads and baking.",2020-11-25 17:56:12
663,Space Amoeba (Yog: Monster from Space),508,A refreshing blend of peaches and mangoes for a delicious smoothie.,2025-06-01 18:18:56
659,Each Dawn I Die,,"Light and crispy rice cakes, a perfect low-calorie snack.",2023-09-29 22:02:52
341,Phase 7,403,Easily opens jar lids and bottle caps with one touch.,2024-01-27 01:35:07
59,Switchblade Sisters,,"A frozen meal featuring quinoa and mixed vegetables, ready to heat and eat.",2024-04-02 15:39:16
603,Snowpiercer,,Quote wall art to inspire and motivate.,2025-03-08 21:18:08
472,Delirious,89,Durable ceramic bakeware for casseroles and desserts.,2022-11-21 05:50:12
195,"Mechanic, The",500,"Elegant midi skirt with a wrap design, great for both formal and casual events.",2024-10-12 03:40:50
405,Trash Humpers,6,Set of ceramic knives for precision slicing.,2025-11-30 14:11:22
224,Steel Magnolias,414,"Crispy sweet potato fries, perfectly seasoned and baked to perfection.",2024-11-24 14:38:13
192,Topper Takes a Trip,26,Soft and cozy bathrobe perfect for relaxing at home.,2022-03-07 18:32:57
272,Married to It,677,"Dairy-free ice cream made with coconut milk, creamy and delicious.",2025-09-02 02:54:02
510,Belly 2: Millionaire Boyz Club,539,Fairy lights perfect for decorating patios and backyards.,2023-03-19 03:23:32
649,Nothing to Lose,,"Crispy chips with a sweet twist, perfect for dipping.",2025-08-10 11:49:21
521,Foul Play,419,Soft hamburger buns made with whole grains.,2023-12-23 01:21:44
322,Miss You Can Do It,162,,2024-09-29 02:35:58
409,"World of Henry Orient, The",,"Spicy sauce made with chili peppers and garlic, great for stir-frying.",2022-09-23 18:27:06
510,Phenomena (a.k.a. Creepers),355,Dimmable LED desk lamp with USB charging port.,2023-03-20 18:12:44
394,Bay of Blood (a.k.a. Twitch of the Death Nerve) (Reazione a catena),392,Stabilizing gimbal for smooth video recording.,2022-11-13 07:15:25
367,"Flying Scotsman, The",428,A warming blend of ginger and turmeric for lattes.,2024-12-28 14:34:54
183,Liv & Ingmar,615,Fun light that creates a disco atmosphere for parties.,2023-11-26 04:42:04
400,Rings on Her Fingers,31,Stream music from your device to any speaker wirelessly.,2023-10-21 23:06:13
451,"Sleeping Dictionary, The",,"Stylish ripped boyfriend jeans for a relaxed, effortlessly cool vibe.",2022-05-13 19:02:07
615,Unfaithfully Yours,,Tender beef chunks for slow-cooked stews.,2021-05-02 05:32:24
676,"Secret Life of Bees, The",544,Complete set of gardening tools for all your needs.,2021-03-25 15:20:20
588,"Boot, Das (Boat, The)",,,2022-04-08 00:46:22
474,Howard Zinn: You Can't Be Neutral on a Moving Train,213,Hearty minestrone soup loaded with vegetables and pasta.,2023-11-07 08:27:12
265,Green Tea (Lü cha),259,,2024-10-04 20:30:54
229,Legendary,138,Small toolkit with essentials for home repairs.,2020-10-26 19:11:01
190,Dead Silent,270,,2021-12-08 07:06:52
218,Liberty Kid,388,Crunchy seeds perfect for toppings and baking.,2021-08-23 09:29:38
462,Teacher's Pet,,"Quick oatmeal packets infused with apple and cinnamon, perfect for breakfast.",2023-01-05 00:36:13
208,"Crimson Rivers 2: Angels of the Apocalypse (Rivières pourpres II - Les anges de l'apocalypse, Les)",487,,2020-02-19 21:56:31
201,Shadowzone,581,,2023-09-24 03:46:32
626,Enchantment,,Compact Bluetooth speaker with rich sound quality.,2023-07-22 23:44:57
619,Diên Biên Phú,621,Decadent tart made with rich dark chocolate.,2023-08-10 16:51:35
542,Godzilla,,Comfortable hiking boots for outdoor adventures.,2023-03-22 06:08:54
621,"Last Broadcast, The",72,,2025-01-15 19:03:26
502,No Flesh Shall Be Spared,401,Crunchy corn chips flavored with chili and lime for a zesty kick.,2024-03-04 19:01:48
394,Over the Edge,,,2022-10-04 16:30:43
487,"Brothers Karamazov, The",562,"Wide egg noodles, perfect for casseroles and soups.",2024-11-07 04:29:47
577,Mail Order Bride,503,"Lean and versatile ground turkey, perfect for various dishes.",2022-03-24 01:15:18
481,"Last Days, The",417,Comfortable carrier for small pets during travel.,2020-07-08 20:40:57
495,The Salt of the Earth,,Non-stick and reusable mats for easy baking.,2023-09-09 08:21:26
514,Monsterman (Monsterimies),,,2024-08-31 23:45:55
392,Ignition,,"A zesty salad with black beans, corn, and chipotle dressing.",2025-03-13 16:52:07
53,Our Beloved Month of August (Aquele Querido Mês de Agosto),,Create spiraled vegetable noodles easily for healthy meals.,2023-08-15 07:40:22
155,"Last Flight of Noah's Ark, The",263,Savory lentil chips with BBQ flavor,2025-11-11 05:45:38
571,Coming Home (Gui lai),,,2022-01-05 05:38:21
552,Air Raid Wardens,628,Savory lentil chips with BBQ flavor,2022-08-14 01:06:36
676,Because I Said So,595,Easy-to-install lights to brighten kitchen cabinets and workspaces.,2020-05-25 23:15:07
587,Find Me Guilty,,Seasoning mix for making crispy and flavorful potato wedges.,2021-07-28 18:27:33
58,Stay as You Are,,"Sweet and spiced apple filling, perfect for pies.",2020-04-02 08:16:04
137,American Gigolo,374,"Thin rice noodles, ideal for stir-fries and soups.",2024-04-03 14:33:45
599,City Slickers II: The Legend of Curly's Gold,,,2023-10-10 02:48:21
94,Full Moon High,357,"Traditional Korean fermented vegetables, packed with flavor.",2021-10-10 12:35:26
199,"Drive, He Said",668,Stylish tote to keep wine bottles chilled while traveling.,2024-03-01 13:19:38
590,G.I. Jane,151,Variety pack of craft supplies for kids' projects.,2024-03-26 02:04:59
11,My Night At Maud's (Ma Nuit Chez Maud),,Compact pocket tool with various built-in functions.,2024-10-22 17:15:46
692,Breaking and Entering,571,Crispy and sweet dried apple slices,2024-11-20 10:13:23
161,Emmet Otter's Jug-Band Christmas,,"A simple, no-bake cheesecake mix to create your own delicious cheesecake.",2023-09-06 02:47:54
61,"Vertical Ray of the Sun, The (Mua he chieu thang dung)",641,,2025-06-07 19:41:55
600,Métastases,,"Crisp and sweet Honeycrisp apples, freshly picked.",2023-04-22 12:03:55
30,"Babe, The",482,,2024-11-19 08:16:51
162,Razorback,,,2025-09-05 02:58:55
85,"Rocket from Calabuch, The (Calabuch)",424,Energy-efficient lights to illuminate outdoor areas.,2023-11-14 23:55:39
454,Impromptu,,Dairy-free cheese alternative for your favorite dishes.,2024-01-28 04:16:32
631,"Round Up, The (La Rafle)",,Foldable kneeler that doubles as a seat for gardening convenience.,2023-09-20 23:12:57
402,Michael Jackson's This Is It,9,Nutritious protein bars for on-the-go snacking.,2024-02-24 22:52:42
365,Outsourced,628,Customizable window cover for light control and privacy.,2024-09-18 20:34:02
395,Pursuit to Algiers,458,"Track steps, heart rate, and sleep patterns.",2023-11-26 18:06:56
429,"Work of Director Michel Gondry, The",148,Sweet and tangy honey mustard dip for snacks.,2023-05-06 11:53:55
699,Buttcrack,50,,2021-07-14 19:17:28
220,Curse of the Pink Panther,88,Spreadable cream cheese with garlic and herbs.,2022-06-04 20:57:16
682,Fun in Acapulco,617,"Sliced black olives, perfect for salads and pizzas.",2023-10-31 10:44:48
95,Heart of a Lion (Leijonasydän),369,Herbal tea blend with ginger and turmeric for a soothing drink.,2025-08-24 12:29:48
638,Silent Hill,,"Soft and pillowy gnocchi made from cauliflower, perfect with sauce.",2021-12-12 23:48:45
103,Twelfth Night,1,,2024-11-01 01:07:15
564,Paradise Now,454,"Chopped and frozen spinach, ideal for cooking and smoothies.",2022-01-01 05:21:22
322,Evolver,,,2021-04-11 05:40:46
501,Black Rock,452,,2023-03-12 19:19:53
214,West Is West,,Heat-sensitive mug that changes color when filled with hot liquid.,2025-05-04 07:13:55
93,"Guy Thing, A",314,,2025-01-22 07:30:03
617,36 Quai des Orfèvres (Department 36),,,2022-10-09 08:36:48
112,Body of War,,"Tangy green salsa made with tomatillos, perfect for tacos.",2025-12-09 02:49:58
54,Lauderdale (a.k.a. Spring Break USA) (a.k.a. Spring Fever USA),,,2021-03-04 05:23:16
12,"Clink of Ice, The (a.k.a.: Sound of Ice Cubes, The) (Le bruit des glaçons)",359,Frozen mix of colorful stir-fry veggies.,2023-11-23 17:14:06
308,Passion,249,Premium olive oil infused with herbs for enhanced flavor.,2020-04-26 15:53:29
616,Mr. Morgan's Last Love,340,,2020-06-22 22:05:41
565,"Woodsman, The",,"A mix of nuts roasted with spicy seasonings, perfect for snacking.",2020-03-22 08:43:24
241,Zachariah,,Polarized sunglasses with UV protection.,2023-01-06 05:33:12
144,"Blue Light, The (Blaue Licht, Das)",,"Crunchy granola with maple syrup and pecans, great for breakfast or snacking.",2024-11-09 03:31:30
23,Dodgeball: A True Underdog Story,242,"Fresh fruit salad, ready to eat and refreshing.",2025-08-03 15:20:06
433,Prime Suspect 7: The Final Act,565,Gentle brush for removing loose fur from pets.,2021-07-13 16:20:32
253,Enemy Mine,679,Adjustable window blinds for privacy and light control.,2023-05-04 06:01:02
647,Reds,84,Compact organizer for cosmetics during travel.,2020-11-01 16:00:20
166,"Secret Life of Bees, The",349,Stylish holder for organizing cooking utensils.,2021-06-28 21:44:58
232,Semi-Tough,312,Premium olive oil infused with herbs for enhanced flavor.,2023-12-06 03:11:04
288,"Silences of the Palace, The (Saimt el Qusur)",,Fresh greens and veggies for a quick Asian-inspired salad.,2023-08-28 23:59:48
295,Avenue Montaigne (Fauteuils d'orchestre),,Automatic watering devices for potted plants.,2023-06-22 15:55:02
320,Legendary Weapons of China,447,Compact trash can for keeping your car clean.,2023-01-27 22:09:13
624,Connections,,,2023-08-19 02:02:30
281,"Place Called Chiapas, A",,A flowy maxi dress perfect for both casual and semi-formal occasions.,2020-10-13 21:50:19
389,Big Top Pee-Wee,190,Fun gardening tools designed specifically for kids.,2021-07-15 05:18:54
208,Betty Blue (37°2 le matin),,Personalize your calendar with photos and special dates.,2024-09-10 14:57:24
518,"Monkey's Tale, A (Château des singes, Le)",467,Lightweight water filter for outdoor adventures.,2020-11-28 22:25:03
290,"Iron Giant, The",,Durable jump rope for cardio workouts.,2020-10-20 18:06:03
232,"Looney, Looney, Looney Bugs Bunny Movie, The",625,A protein-packed pancake mix for a nutritious breakfast.,2025-03-04 12:43:24
303,Leaves of Grass,,Leak-proof cooler bag ideal for picnics and camping.,2022-02-26 11:24:45
50,"Valley of Decision, The",,Comfortable and warm leggings perfect for colder weather.,2022-01-12 04:48:19
389,"Toxic Avenger, The",600,"Deliciously creamy almond milk, perfect for smoothies.",2025-01-10 08:27:53
7,Our Modern Maidens,197,Sturdy camera tripod for professional photography.,2025-04-03 18:23:58
425,Practical Magic,317,,2025-05-19 18:16:22
447,"Raven, The",28,"Crispy on the outside, tender on the inside, perfect for stir-fries or salads.",2024-01-08 10:00:56
229,"Strange One, The",34,Stylish fruit basket for kitchen or dining room.,2021-04-06 21:15:08
198,Paid,453,Soft buns perfect for stuffing with your favorite hot dogs.,2024-05-22 05:58:06
301,"Dancing Masters, The",,Modern LED table lamp with touch control.,2025-10-14 00:15:53
287,"Good Man in Africa, A",,"Nutritious chia seed pudding in vanilla flavor, ready to eat.",2022-06-05 01:07:34
49,"Mattei Affair, The (Il caso Mattei)",247,Compact air conditioner for personal cooling.,2025-04-05 00:06:00
471,Audition (Konkurs),228,A quick and easy fried rice mix with colorful veggies and savory seasoning.,2024-08-08 08:30:05
335,"Enemy of the People, An",,,2022-08-18 19:11:04
236,Turtle Diary,353,,2024-04-24 20:07:51
475,"Yakuza, The",351,Refreshing cranberry juice with no added sugar.,2023-07-03 14:12:04
586,The Blood of Fu Manchu,,,2020-09-02 17:01:35
380,Wooden Crosses (Les croix de bois),92,Compact electric scooter for commuting and short trips.,2023-03-27 07:13:53
655,Summer in February,488,,2021-11-30 05:40:54
293,Madame Satã,,,2021-03-15 05:31:44
620,Attack the Gas Station! (Juyuso seubgyuksageun),350,Eco-friendly charger that uses solar energy for powering devices.,2023-08-13 23:45:16
563,Evolution,631,"A blend of dried fruits and nuts, great for snacking.",2024-03-20 07:15:19
296,Mater and the Ghostlight,279,,2021-06-14 05:32:49
29,Mimino,632,Portable desk that can be adjusted for sitting or standing.,2021-02-16 16:58:11
398,Hostile Intentions,,"A creamy blend of avocados and lime juice, great for spreads or dips.",2022-10-27 11:34:58
631,My Forbidden Past,30,"Spiralized zucchini, a healthy alternative to pasta.",2021-06-29 18:00:20
681,"Loser Takes All, The (O hamenos ta pairnei ola)",,,2025-08-02 22:51:10
557,Reeker,,"A hearty soup made with lentils, a variety of vegetables, and spices, ideal for a nutritious meal.",2025-04-28 20:18:12
374,Best Defense,,Convert your desk to a standing desk easily.,2021-06-11 15:20:02
591,Detention of the Dead,333,Durable lunch box designed to keep food fresh and cool.,2025-09-29 18:04:49
136,Red Rock West,,Large stir fry pan with non-stick surface.,2025-06-28 01:26:08
596,Atlantis: The Lost Empire,12,Compact alarm for personal safety and security.,2021-05-01 23:41:27
672,"Welcome Home, Roscoe Jenkins",,"Light and fluffy cream cheese, perfect for bagels or cooking.",2020-02-05 14:11:01
553,Iron Man,9,Instant-read thermometer for precise cooking temperatures.,2024-02-13 21:23:19
329,Candy,621,,2025-01-18 18:57:42
347,Mirage,447,Heavy-duty rake with adjustable width for different gardening needs.,2024-01-04 22:11:29
230,Knife in the Water (Nóz w wodzie),,Comfortable pillow with built-in massage features.,2023-01-06 04:03:33
469,Whale Rider,214,Crunchy granola clusters mixed with nuts and honey.,2023-03-06 08:54:52
343,"Kiss for Corliss, A (Almost a Bride)",453,,2024-02-27 00:54:44
648,Halloweentown High,361,A warm and stylish puffer coat perfect for winter weather.,2025-10-14 15:17:42
409,Wrestling for Jesus: The Tale of T-Money,319,"Gluten-free almond flour, perfect for baking.",2024-01-31 13:19:25
544,Gorilla at Large,,Energy-efficient window air conditioner for cooling.,2020-04-05 06:14:04
242,The Sword and the Rose,,Frozen smoothie mix with bananas and peanut butter for a quick drink.,2022-02-08 06:35:43
94,King of Jazz,,Compact alarm for personal safety and security.,2022-12-12 01:17:34
315,Feds,415,,2023-12-02 20:23:10
83,Sweeney Todd: The Demon Barber of Fleet Street,248,A flavorful blend of Italian sausage with sautéed peppers and onions.,2024-01-16 16:07:03
411,Someone's Watching Me!,244,Portable desk that can be adjusted for sitting or standing.,2023-05-07 01:21:08
241,Chicago Overcoat,254,"Creamy hummus with a kick of spice, great for dipping.",2021-03-15 11:07:09
409,"Story of O, The (Histoire d'O)",304,,2021-12-04 04:36:27
122,"Get2Gether, A",,,2024-07-21 06:57:45
94,Shanghai Calling,,Control your lights remotely with a smartphone app.,2024-03-10 18:26:30
518,Tim and Eric's Billion Dollar Movie,132,,2022-11-27 03:19:05
148,Fans,14,"Sweet blackberry compote, perfect for topping desserts.",2022-04-08 18:50:09
42,Godzilla vs. Biollante (Gojira vs. Biorante) ,181,Multi-functional grater for cheese and vegetables.,2021-01-09 04:19:21
103,This Ain't California,,Durable jump rope with built-in counter for workouts.,2020-02-25 19:04:37
512,Mission: Impossible,,Adjustable stand for smartphones and tablets.,2020-12-27 16:53:39
359,London,583,,2020-02-06 09:18:58
73,Reign Over Me,56,,2023-05-17 06:54:34
271,"Cold Light of Day, The",186,"A zesty salsa made from ripe avocados, tomatoes, onions, and jalapeños, great for dipping or topping.",2024-05-14 09:54:42
364,Intolerable Cruelty,655,"Sweet and fruity peach preserves, perfect for spreading on toast.",2024-12-01 22:56:04
692,Small Time,,A flavorful rice side dish seasoned with herbs and spices.,2024-01-18 04:47:19
200,Crossroads,,Eco-friendly reusable bags for snacks.,2024-10-21 09:18:31
597,Wilson,618,Healthy granola made with oats and honey.,2025-10-13 19:04:27
237,"Home of Our Own, A",,Whole wheat wraps filled with spinach and feta cheese.,2020-11-09 06:15:42
402,Love with the Proper Stranger,622,"Fast and compact external solid state drive, 1TB.",2023-06-02 06:06:17
372,White Material,,Personal massager for muscle recovery.,2021-11-23 02:16:19
15,Stella Dallas,,,2020-04-13 22:22:27
657,Love Hina Christmas Special: Silent Eve (Rabu Hina kurisumasu supesharu: Sairento ivu),24,Safety vest for pets during nighttime walks.,2021-12-16 10:15:47
418,"Positively True Adventures of the Alleged Texas Cheerleader-Murdering Mom, The",456,Retro arcade machine for classic gaming.,2024-06-21 20:51:03
112,In Their Skin,,A hearty soup made with organic lentils and vegetables.,2022-08-31 00:22:31
35,"Devil's Chair, The",,Space-saving colander for rinsing fruits and vegetables.,2025-08-23 04:47:16
620,Who's Your Daddy?,,,2022-06-02 08:43:36
323,Foxfire,,Windshield sunshade for car interior protection.,2020-03-25 00:30:48
576,Dark Ride,324,Crunchy granola with maple flavor and almond pieces for breakfast.,2022-05-14 13:35:43
491,Stakeout on Dope Street,,Essential oil blends for a soothing atmosphere in your home.,2020-03-18 06:35:03
590,American Beauty,522,Durable bag for carrying your yoga mat and accessories.,2025-05-25 18:47:13
330,Eight Men Out,,Adjustable stand for portable speakers and devices.,2022-03-08 18:17:49
183,Play Misty for Me,125,Fun inflatable cooler to keep drinks cold at parties.,2021-11-27 01:08:24
533,"Most Dangerous Man in America: Daniel Ellsberg and the Pentagon Papers, The",237,Compact storage for your jewelry while traveling.,2022-11-05 22:43:37
227,Emma's Bliss (Emmas Glück),,"Continuous stream of fresh water for pets, promoting hydration.",2024-10-04 13:41:02
229,"Baxter, The",,"Sweet, chewy dried apricots, great for snacking or baking.",2023-11-17 13:59:05
150,"Deathmaker, The (Totmacher, Der)",429,Light and crunchy rice cakes made from organic brown rice.,2020-02-18 04:45:21
314,Freaked,175,"Deliciously creamy almond milk, perfect for smoothies.",2021-01-10 20:08:40
22,Beyond Tomorrow (Beyond Christmas),157,,2022-03-19 08:26:48
435,The Miracle of Our Lady of Fatima,393,Pure maple syrup for pancakes and more.,2022-03-17 15:01:58
78,"Rise & Fall of ECW, The",,,2022-07-04 04:24:58
178,"Horse Whisperer, The",,Ready-to-bake cookie dough packed with chocolate chips.,2022-12-01 08:02:37
474,Shotgun Stories,246,Stylish markers for labeling your indoor garden plants.,2022-05-04 06:10:01
157,17 Girls (17 filles),83,Designed for comfort and performance during workouts.,2025-10-23 19:23:56
563,The Fighting 69th,484,"Fresh thyme, perfect for seasoning dishes.",2021-07-04 18:27:03
650,Tales of Manhattan,303,"Fudgy brownie bites, perfect for sharing or snacking.",2025-03-24 04:56:17
600,Straight Time,167,Reusable gel ice pack for injuries and cooling.,2020-05-21 13:19:01
144,Tales from the Script,,,2022-12-14 11:56:14
102,Rewind This!,,Memory foam travel pillow for neck support.,2022-05-15 14:30:23
525,Spread,,Mini refrigerator ideal for small spaces.,2022-06-02 18:34:52
557,Days and Clouds (Giorni e nuvole),42,"Multi-function pressure cooker that can sauté, steam, and slow cook.",2024-11-04 16:20:56
162,Crush,425,Set of decorative cushion covers for home decor.,2025-09-10 08:34:45
691,"Valet, The (La doublure)",,Scented bath salts for relaxation and self-care.,2022-12-30 00:58:21
75,The Big Cube,,Multi-port USB-C hub for connecting devices.,2021-04-05 17:47:16
372,Luv,,Fun inflatable float for lounging in the pool or beach.,2025-01-15 06:38:59
71,Suzanne's Career (La carrière de Suzanne),,Comfortable and rugged boots designed for hiking.,2020-11-19 21:52:43
495,Joysticks,594,Lightweight and portable chair for camping or events.,2024-01-27 06:16:08
605,Play Dirty,55,,2024-07-27 09:49:00
227,Aks,416,"Fluffy and delicious pancake mix, perfect for a gluten-free breakfast.",2022-09-05 08:08:09
671,Blood on Satan's Claw (a.k.a. Satan's Skin),,,2020-07-14 20:01:56
110,Demons 2 (Dèmoni 2... l'incubo ritorna),364,BPA-free glass containers for safe food storage.,2021-03-08 13:49:58
366,"Great Buck Howard, The",,"Bartender kit with shaker, jigger, and strainer.",2021-04-01 16:30:52
277,Film ist. 7-12,,,2022-10-15 06:05:49
544,Group Sex,,"Low-carb zucchini noodles, perfect for a healthy alternative to pasta.",2021-06-29 16:30:58
189,The Valley of Gwangi,,,2020-03-12 18:36:31
423,United,129,Official size basketball for indoor and outdoor play.,2021-04-10 03:13:24
123,Reservoir Dogs,571,"Fragrant jasmine rice, perfect as a side dish.",2024-04-14 06:39:52
137,De nieuwe Wildernis,,"Chilled noodles dressed in sesame sauce, ready to eat.",2020-05-29 15:48:28
116,They All Lie,79,"Frozen sausage patties made with herbs and spices, perfect for breakfast sandwiches.",2020-08-28 07:57:41
191,3 Needles,199,"A blend of nuts, seeds, and dried fruits for snacking.",2025-03-13 21:41:07
406,Philadelphia Experiment II,,UV sanitizer that kills germs on your smartphone.,2021-03-11 16:14:51
286,Rolling Thunder,,,2025-07-22 01:12:14
157,"End of the Affair, The",606,Wi-Fi enabled thermostat that learns your habits.,2022-12-27 21:03:20
405,Escape from the Planet of the Apes,638,,2024-03-24 03:28:41
297,I Hired a Contract Killer,,"Creamy vegan dressing made with cashews, perfect for salads.",2023-11-05 21:24:43
506,"Deadly Spawn, The",,Complete sculpting tools for artists.,2022-12-13 04:48:51
162,Barbara,561,Portable coffee maker for rich brews on the go.,2022-06-07 22:42:49
621,"Seven Year Itch, The",,"Light and crispy rice cakes, a perfect low-calorie snack.",2021-10-28 08:02:07
338,Lover's Knot,,Sweet corn roasted to perfection for a delightful side.,2023-04-21 15:31:16
82,"Clique, The",250,Modern desk lamp that features a built-in USB charging port.,2021-02-05 23:38:02
177,Eat a Bowl of Tea,,"A mix of strawberries, blueberries, and raspberries, perfect for smoothies.",2020-08-02 10:48:28
176,Sometimes They Come Back,93,Tempered glass screen protector for smartphones.,2023-12-18 15:04:56
25,Red Chapel (Røde kapel),661,Microwaveable heat pad for soothing muscle aches.,2024-01-27 21:14:30
435,The Tunnel of Love,,DIY kit to convert your smartphone into a mini projector.,2023-04-01 00:56:09
647,An Amazing Couple,491,,2025-06-07 19:45:46
298,Gappa: The Triphibian Monsters (AKA Monster from a Prehistoric Planet) (Daikyojû Gappa),,Safe and easy-to-use nail clippers for pets.,2023-11-18 02:24:50
123,Evangelion: 2.0 You Can (Not) Advance (Evangerion shin gekijôban: Ha),621,Rich and creamy chocolate fudge ice cream for dessert.,2020-04-21 11:01:54
496,Becky Sharp,341,A staple v-neck t-shirt that pairs well with anything.,2023-09-25 15:44:18
302,Citizen Dog (Mah nakorn),,Frozen mango chunks for smoothies or snacking.,2020-03-19 15:23:05
625,Silvestre,293,Soft bagels flavored with cinnamon and raisins.,2025-03-10 06:41:36
613,Support Your Local Gunfighter,,Soft silicone earbud covers for comfort and fit.,2024-11-23 19:59:08
175,Get Carter,,,2025-09-20 14:56:25
90,"Bûche, La",164,Stylish dish soap dispenser with sponge holder.,2025-02-15 06:38:12
582,Truth or Die ,,,2025-11-04 03:07:34
301,Two Little Boys,,,2025-10-16 14:11:42
643,It Came from Hollywood,217,,2020-12-30 14:11:39
623,Can't Help Singing,1,Non-stick utensils for safe and easy cooking.,2021-08-24 17:42:13
487,Fallen Angels (Duo luo tian shi),,Complete outdoor kit for camping and hiking.,2025-03-21 23:01:28
302,Bad Country,655,Training tool for reinforcing commands and behavior in dogs.,2025-04-28 08:15:01
388,Boy Culture,307,"Fluffy couscous seasoned with a blend of herbs, perfect as a side dish.",2024-12-06 19:48:00
653,Husbands,,Wi-Fi enabled thermostat that learns your habits.,2021-11-09 01:14:02
11,"Substance of Fire, The",229,Rich chocolate syrup for ice cream or beverages.,2021-02-02 13:22:31
376,Smash-Up: The Story of a Woman,490,"Soft pita bread, perfect for sandwiches or dips.",2024-01-23 00:15:39
261,Hen Hop,133,"High-protein pasta made from black beans, gluten-free.",2020-04-16 19:30:10
471,Charlie Chan in London,,Delicious cookies with rich chocolate flavor and a hint of mint.,2023-10-24 01:03:59
191,3 Extremes (Three... Extremes) (Saam gaang yi),,,2020-09-22 23:53:29
578,Squeeze,,Chewy bars made with peanut butter and chocolate chips.,2022-08-26 07:16:08
223,"Most Wanted Man, A",623,"Crunchy granola with maple syrup and pecans, great for breakfast or snacking.",2023-07-13 06:57:04
553,"Dead Hate the Living!, The",63,Light and crunchy rice cakes made from organic brown rice.,2020-01-10 17:50:15
270,"Murder, Inc.",,Set of decorative ceramic planters for indoor plants.,2024-06-11 20:14:25
496,Casey Jones,,Battery-operated motion sensor light for safety.,2020-10-08 13:10:06
118,Crashing,,Natural air purifiers to absorb odors and moisture.,2020-05-10 20:49:07
595,Where's Poppa?,,Comfortable gaming chair for long hours of play.,2020-01-16 17:30:20
608,"New Wave, A",,Savory sauce perfect for pasta or dipping.,2024-06-27 12:38:21
635,When Ladies Meet,,"Elegant midi skirt with a wrap design, great for both formal and casual events.",2020-09-25 18:15:20
242,They Live,568,"Savory oatmeal ready to eat, great for breakfast or a snack.",2021-05-25 18:19:53
294,"Love Guru, The",337,Flour tortilla filled with cheese and a medley of vegetables.,2024-04-05 23:46:59
373,"Haunted Castle, The (Schloß Vogeloed)",311,,2025-06-23 17:51:04
20,Raising Helen,323,HEPA air purifier for clean indoor air.,2021-10-19 13:58:05
625,"Starving Games, The",260,"Nutritious protein bar with cherry and almond flavor, great for on-the-go.",2023-04-27 17:16:11
72,"Patriot, The",210,Wi-Fi enabled doorbell with HD camera and two-way audio.,2024-09-16 05:16:23
394,Dark Alibi,41,Bluetooth-enabled key tracker to find lost items easily.,2021-03-03 16:51:30
500,Shanghai Knights,,Toy drone that flies with gestures and is easy to control.,2024-08-02 06:55:39
526,I.O.U.S.A. (a.k.a. IOUSA),,Natural honey sourced from wildflowers.,2024-12-09 21:05:43
60,Executive Protection (Livvakterna),588,,2020-01-12 03:34:03
56,Lake Tahoe,49,High-quality whole wheat flour for baking and cooking.,2020-10-15 01:29:06
493,Polskie gówno,470,Rich almond butter encased in dark chocolate.,2023-03-31 11:05:48
602,Wicked Blood,37,Convenient strap for carrying yoga mats to class.,2024-07-18 13:38:31
651,Moscow on the Hudson,609,,2021-05-23 03:18:16
369,Ice Bound,536,Suction cup bird feeder for close-up bird watching.,2022-07-15 15:22:19
171,Jiro Dreams of Sushi,219,Fresh and juicy cherry tomatoes for salads and snacking.,2023-04-15 14:59:52
682,"Seducing Doctor Lewis (Grande séduction, La)",,Durable and insulated water bottle to keep beverages cold.,2025-03-17 00:00:05
25,Triumph of the Spirit,161,,2024-04-27 04:44:17
376,"Look of Silence, The",,Tangy vinaigrette with orange and ginger flavors.,2020-07-03 01:58:12
378,Nixon,,,2024-04-08 04:46:17
558,Shoot to Kill,,Instant-read thermometer for accurate cooking temperatures.,2024-03-22 13:09:16
182,Hallåhallå,456,Extra virgin olive oil infused with fresh basil.,2021-07-23 12:35:00
499,"Grace Lee Project, The",,,2022-02-14 07:06:19
82,Waco: The Rules of Engagement,630,High-quality whey protein powder for muscle recovery.,2020-03-26 06:09:37
306,Cemetery Man (Dellamorte Dellamore),646,Whole grain oats that are perfect for breakfast or baking.,2023-09-03 13:00:07
172,"Love on the Run (Amour en fuite, L')",685,Complete set to brew coffee with different methods.,2023-07-02 17:46:27
471,"Duel at Silver Creek, The",,Color-changing LED lights for home decoration with remote.,2021-11-06 04:22:14
5,"Third Part of the Night, The (Trzecia czesc nocy)",,"Nutty, crunchy pecans great for baking.",2021-03-13 22:11:00
620,Caught,453,Wi-Fi enabled plug for controlling devices from your smartphone.,2021-01-24 13:24:09
389,Snowballs,181,"Creamy cheddar cheese slices, perfect for sandwiches and snacks.",2021-07-06 03:30:39
585,Despicable Me 2,,,2022-03-30 19:41:36
552,Before Night Falls,553,,2020-10-18 06:14:12
400,A Magnificent Haunting,,,2021-09-09 11:34:38
110,Just Between Friends,554,Comfortable wireless headphones designed for sleeping.,2021-05-25 23:55:44
290,Sealed Cargo,548,,2021-02-16 09:18:55
536,"American Haunting, An",526,,2020-04-02 03:20:06
541,Thirst (Pyaasa),176,,2022-01-31 20:12:07
294,Penguins of Madagascar,,"Light and crispy rice cakes, a perfect low-calorie snack.",2023-02-13 21:57:20
61,Sweet November,,A fragrant blend of Italian herbs for pasta sauces and marinades.,2024-01-24 16:13:53
314,Master of the Flying Guillotine (Du bi quan wang da po xue di zi),437,Lightweight hammock for easy setup anywhere.,2025-03-25 15:05:25
585,BASEketball,,"Gluten-free pasta made from lentils, high in protein.",2020-07-18 12:02:01
268,Born Wild,683,"Fresh fruit salad, ready to eat and refreshing.",2024-12-11 10:46:35
7,Emotion,,"Artisan bread topped with olives, feta, and herbs, perfect for sharing.",2023-12-19 10:08:04
10,Bran Nue Dae,532,Everything you need for a fresh and delicious Caesar salad.,2020-11-24 14:04:23
289,Dialogues with Solzhenitsyn (Uzel),610,,2021-01-22 17:36:06
648,Mad Detective (Sun taam),419,USB hub for expanding ports on computers and laptops.,2023-08-17 20:59:33
116,"Affair of Love, An (Liaison pornographique, Une)",630,Flavorful dressing made with miso paste,2024-05-13 00:23:43
383,Cry of the Banshee,489,,2023-12-08 09:20:02
14,Chinese Odyssey 2002 (Tian xia wu shuang),52,Comfortable over-ear headphones with deep bass.,2021-02-14 04:40:25
463,The Great Gatsby,475,,2022-03-10 07:07:25
356,"Cowboys, The",246,,2023-09-01 06:47:13
286,Cursed,699,64GB SD memory card for cameras and devices.,2020-02-13 06:05:30
141,Into the Middle of Nowhere,,Airtight container to keep pet food fresh.,2023-08-24 19:03:42
530,"Lt. Robin Crusoe, U.S.N.",252,"A frozen meal featuring quinoa and mixed vegetables, ready to heat and eat.",2023-04-09 09:40:04
644,Old Men in New Cars (Gamle mænd i nye biler),,"Freshly cut carrot sticks, perfect for snacking.",2024-07-11 21:28:35
480,Deathwatch,163,Perfectly balanced sweet and tangy BBQ sauce for dipping or grilling.,2021-07-04 06:19:26
136,Easy Money 2 (Snabba cash II),,Sweet and tangy jam made from natural apricots.,2023-08-29 16:29:20
332,Blue Steel,492,Healthy chia pudding made with mango and coconut milk.,2025-10-27 07:52:46
622,Truth in 24,,Energy-efficient window air conditioner for cooling.,2025-07-14 12:08:57
699,Madame Sin,,Personalized wooden puzzles for children that encourage learning.,2021-09-16 00:45:40
503,Fear and Desire,,Decadent tart made with rich dark chocolate.,2024-03-06 15:47:19
167,"Ciel est à vous, Le (Woman Who Dared, The)",26,Tripod with wireless remote for effortless photo-taking.,2023-10-10 00:18:36
428,Married to the Mob,688,Complete kit for crafting your own scented soaps.,2023-12-12 05:30:24
522,Little Women,,Ergonomic monitor stand for improved workspace organization.,2024-09-13 16:45:02
279,FC Venus,,Tripod with wireless remote for effortless photo-taking.,2020-07-20 13:29:05
415,Efectos secundarios,611,DIY kit to make your own elderberry syrup.,2021-01-14 00:01:04
654,"Calling, The",166,Savory teriyaki sauce for stir-frying veggies or meats.,2021-08-16 09:18:12
446,Audition (Konkurs),,Soft hamburger buns made with whole grains.,2023-01-15 10:08:46
230,Good Luck Chuck,,Delicious canned pineapple rings for desserts or salads.,2025-06-20 14:01:30
267,"Fighting Temptations, The",,Spicy sauce perfect for chicken wings and dipping.,2022-04-19 23:19:51
369,Tripping the Rift: The Movie,537,Sweet and tangy honey mustard dip for snacks.,2021-12-04 19:45:08
257,We're the Millers,,,2021-12-06 20:52:09
478,Lake Mungo,445,Authentic Indian curry sauce for quick meals.,2020-10-27 23:08:06
584,L.A. Zombie,,,2025-08-01 10:20:35
200,Cell Count,254,"Tangy sour cream, perfect for dips and toppings.",2022-12-26 11:09:45
598,"King Is Dancing, The (Le roi danse)",606,Easy-to-install lights to brighten kitchen cabinets and workspaces.,2020-02-27 07:22:35
58,Damnation Alley,,Versatile multi-cooker for pressure cooking and slow cooking.,2021-07-23 05:55:51
634,Special Delivery,,Boost your Wi-Fi signal for better coverage.,2020-07-24 04:23:02
176,Rugrats in Paris: The Movie,,,2023-12-30 00:29:24
354,Kwaidan (Kaidan),103,Savory bacon jerky coated with maple flavoring.,2025-06-16 18:25:37
125,"Texas Chainsaw Massacre: The Beginning, The",,Unique coffee brewing method for a flavorful experience.,2024-11-29 09:15:01
692,Instrument,,Breathable mesh sports leggings for ultimate comfort.,2022-07-04 08:50:02
113,Nightmares,70,"Natural pink salt, perfect for seasoning.",2022-02-05 11:27:45
217,Underworld,,"Spicy jalapenos stuffed with cheese, ideal for appetizers.",2025-02-01 10:34:00
84,Tell Me and I Will Forget,260,,2022-08-04 19:02:49
122,Postal,694,DIY projector that magnifies your smartphone screen for movie nights.,2025-07-26 02:29:26
158,Opposite Day,523,Programmable pet feeder for scheduled meals.,2021-05-26 21:50:07
179,Enron: The Smartest Guys in the Room,,Durable ceramic bakeware for casseroles and desserts.,2024-01-17 11:03:10
185,Listen Up Philip,402,Stylish case with magnetic closure for smartphones.,2021-10-15 11:22:25
24,Killer Holiday,,High-frequency whistle for training your dog effectively.,2023-10-02 23:53:52
261,Fiend with the Electronic Brain (Blood of Ghastly Horror),410,,2025-01-13 10:12:56
175,"Flock, The",,,2024-02-15 17:11:05
18,"Book of Stars, The",,Spice blend for creating flavorful vegan taco filling.,2021-10-07 19:15:54
426,Anna Madelina (Ngon na ma dak lin na),467,A timeless wardrobe staple crafted from soft cotton with a perfect fit.,2021-11-28 02:41:49
297,Four Stories of St. Julian ,644,Adjustable phone mount for car dashboard.,2020-02-19 16:46:43
691,Somebody Up There Likes Me,357,"Crunchy tortilla chips with a hint of sea salt, great with dips.",2021-10-19 03:01:36
244,I Love Your Work,,A trendy cropped sweater perfect for a casual look.,2022-01-24 11:39:56
336,Germinal,668,Stability ball for Pilates and yoga workouts.,2022-10-14 03:11:21
260,Doctor at Sea,,,2023-12-25 02:41:39
608,The Suspended Step of the Stork,,Personalized calendar with your favorite photos.,2025-08-21 10:22:09
150,"Getting Go, the Go Doc Project",284,"Frozen salmon fillets marinated in teriyaki sauce, ready to grill or bake.",2025-09-11 05:55:30
371,"Exercice de l'État, L'",264,Space-saving shoe organizer for tight spaces.,2023-02-22 07:58:22
192,"Hobbit, The",488,All-in-one kit for growing herbs in your kitchen.,2024-11-25 05:15:06
131,"Sword and the Dragon, The (Ilya Muromets)",,Classic V-neck sweater crafted from soft wool for warmth and style.,2020-07-01 02:32:57
369,Flight 93,498,,2022-07-13 04:09:02
255,Rebellion (L'ordre et la morale),472,Convenient dispenser for dog waste bags on walks.,2023-01-06 14:43:18
579,It All Starts Today (Ça commence aujourd'hui),,Delicious and tangy marinade for grilling or baking chicken.,2022-12-08 08:21:55
107,Intimate Strangers (Confidences trop intimes),,Kitchen tool for tenderizing meat to enhance flavors.,2022-01-07 13:25:43
208,Under the Age,131,,2020-09-08 00:39:13
406,Mulholland Drive,668,,2024-04-28 19:15:20
289,Lightnin',148,Flour tortilla filled with cheese and a medley of vegetables.,2025-05-20 11:08:26
576,School For Scoundrels,423,Ergonomic wireless mouse with adjustable DPI.,2025-03-05 05:44:54
17,"Unbelievers, The",339,,2023-09-10 04:57:52
178,Billy Madison,475,"Classic A-line skirt that flatters every figure, perfect for work or play.",2024-02-20 21:50:08
321,Excuse Me for Living,93,Fun and colorful gardening tools designed for children.,2024-12-06 14:00:44
342,Mr. Untouchable,,"A mix of strawberries, blueberries, and raspberries, great for smoothies or desserts.",2021-12-04 12:52:55
560,Perfect Sense,113,,2022-11-17 05:36:01
554,Extracted,202,Chocolate-covered candy bars with coconut and almonds.,2023-02-19 05:04:30
507,"Cabin in the Woods, The",36,Functional leggings designed for maximum comfort during workouts.,2022-04-07 19:11:59
654,Hardcore,36,"A delicious creamy dip featuring spinach and artichokes, perfect for parties.",2022-11-04 00:13:02
305,Shanghai Kiss,504,,2022-08-07 11:13:36
628,Funeral Parade of Roses (Bara no sôretsu),166,Sand-resistant and compact for outdoor and beach use.,2022-10-06 10:55:40
79,Adopted,513,,2022-04-16 21:16:32
651,Autumn Sonata (Höstsonaten),284,,2022-04-09 05:55:41
627,Torn,231,"Crispy on the outside, tender on the inside, perfect for stir-fries or salads.",2021-04-23 13:58:29
535,Panic in the Streets,,Non-toxic traps for catching household pests safely.,2020-04-09 04:30:39
48,My Dog Skip,219,Breathable linen trousers perfect for hot weather.,2025-10-04 09:36:30
141,"Swimming Pool, The (La piscine)",347,Spreadable cream cheese blended with garlic and herbs.,2024-03-08 19:26:21
683,Rabbit-Proof Fence,,,2025-02-05 00:55:04
345,Shakespeare High,,Travel-friendly dog bowl that is collapsible for easy storage.,2020-10-23 16:12:27
57,Funny Bones,,Energy-efficient window air conditioner for cooling.,2023-10-22 17:41:21
668,Arthur,,Light and crunchy rice cakes made from organic brown rice.,2022-10-31 18:48:16
561,"Heavenly Body, The",,,2021-08-06 18:03:28
100,El Dorado,,Sweet and crunchy roasted almonds.,2022-09-18 20:54:23
334,Some Girl(s),240,,2022-08-08 17:41:06
540,Silver Bullet (Stephen King's Silver Bullet),60,Compact electric scooter for commuting and short trips.,2021-08-15 01:11:14
75,Fetching Cody,,"A blend of roasted red peppers and spices, perfect for dipping.",2022-03-23 08:44:06
587,Warrior,344,Light and breezy dress perfect for summer outings with a vibrant floral pattern.,2020-10-02 23:29:36
289,Toy Story Toons: Partysaurus Rex,,,2022-09-11 11:09:34
303,Miami Rhapsody,26,Mixed fresh vegetables for stir-frying or roasting.,2025-02-12 09:20:00
427,Ilo Ilo,527,Durable yoga strap for deeper stretches.,2021-05-07 02:21:25
681,21,93,Reusable straws that come with a cleaning brush.,2023-07-31 07:54:16
380,Joe Versus the Volcano,236,,2020-11-27 01:25:28
326,Man's Favorite Sport?,480,,2024-12-03 04:36:30
628,Standing Still,95,Short-grain sushi rice for perfect rolls.,2023-11-17 06:18:58
481,Miracle on 34th Street,698,Sweet and tangy raspberry lime beverage,2020-11-04 15:43:21
517,"Birds, The",,Notepad made from recycled paper for sustainable note-taking.,2020-06-25 12:39:12
47,Resistance,95,,2025-03-02 19:24:41
613,House of 9,,Convertible kneeler and seat for gardening comfort.,2025-08-25 04:47:11
436,And the Ship Sails On (E la nave va),,Perfectly balanced sweet and tangy BBQ sauce for dipping or grilling.,2023-04-23 08:10:26
348,Carolina Moon,197,Bluetooth-enabled key tracker to find lost items easily.,2020-10-19 07:25:30
201,"Grudge, The",558,Countertop dishwasher for small kitchens.,2023-01-02 21:07:43
82,Grown Up Movie Star,,,2022-01-29 02:07:19
88,Star of Midnight,164,Golden-brown fritters made with sweet corn.,2025-10-07 01:24:25
137,King Kong,,"Pitted black olives, perfect for salads and pizzas.",2025-01-22 03:04:49
686,Ocean's Thirteen,574,Nutritious chia seeds great for smoothies,2022-03-17 23:09:34
194,I Know What I Saw,487,Retro-style graphic tee with a soft wash for a vintage feel.,2021-12-06 07:39:02
501,The Hire: Ambush,696,Comprehensive first aid kit for emergency situations.,2022-10-19 11:20:01
130,"Wild Hunt, The",102,,2022-05-10 17:06:46
481,Back to the Future,,Windshield sunshade for car interior protection.,2020-10-06 19:27:59
148,Missing in Action 2: The Beginning,,Compact air fryer for healthier cooking.,2022-07-20 22:44:35
157,"Velvet Vampire, The",284,Spicy salsa made with fresh ingredients.,2023-02-08 23:13:16
420,"Sugar Curtain, The (El telón de azúcar)",,Canned beans cooked in a savory chili sauce,2022-03-15 11:37:55
435,Mo' Money,,Polarized sunglasses with UV protection.,2022-11-04 11:26:21
360,Earth (Zemlya),411,"Non-stick griddle for pancakes, burgers, and more.",2022-11-11 20:35:01
35,Guinevere,,Frozen mix of colorful stir-fry veggies.,2021-05-02 03:51:02
19,Joe Versus the Volcano,,Complete set of gardening tools for outdoor tasks.,2021-01-11 06:56:03
373,Road to Utopia,,Complete kit for growing herbs indoors.,2022-11-23 02:14:07
313,Oki's Movie (Ok-hui-ui yeonghwa),142,A fitted ribbed knit dress that hugs your curves perfectly.,2020-02-28 17:48:31
395,Marie Antoinette,468,Eco-friendly string lights for outdoor decor.,2025-03-12 23:31:44
103,"Bride Wore Black, The (La mariée était en noir)",432,Comfortable camping mattress that inflates automatically.,2025-04-01 03:45:25
665,How Wang-Fo Was Saved (Comment Wang-Fo fut sauvé),144,Rapid boil electric kettle with temperature control.,2023-01-09 06:15:19
409,"Young Törless, The (Junge Törless, Der)",692,Oven-roasted potatoes tossed in garlic and parmesan cheese seasoning.,2022-05-15 03:02:00
419,Talk Radio,190,A flavorful blend of rice with tropical pineapple and coconut flavors.,2020-05-06 22:57:01
63,Born Rich,633,"Frozen pizza rolls stuffed with spinach and cheese, perfect for snacking.",2024-10-06 01:41:16
38,I Know What I Saw,,Lightweight and slim monitor ideal for dual-screen setups.,2021-04-21 15:03:06
36,Mondo Hollywood,,,2024-02-23 15:13:54
649,Ce que mes yeux ont vu,368,,2020-01-21 23:26:20
501,"Place Beyond the Pines, The",554,Countertop dishwasher for small kitchens.,2022-01-01 04:45:30
338,Tuesdays with Morrie,566,,2022-07-07 09:07:53
414,Wonder Woman,644,"Coffee blend infused with pumpkin spice, perfect for fall.",2020-12-12 06:34:21
640,"Devil, The (Diabel)",,Boosts your Wi-Fi coverage for better connectivity.,2020-02-04 18:48:21
623,14 Blades (Jin yi wei),,All-in-one art set for kids to unleash creativity.,2023-02-19 06:17:32
465,All the Pretty Horses,,Charming frame to showcase your favorite photos.,2023-11-12 13:37:23
278,"Searchers, The",,Beautifully crafted jewelry box with compartments for storage.,2022-03-20 17:24:26
60,Pumping Iron II: The Women,,Individually packaged bars made with dried fruits and nuts.,2021-03-03 02:01:35
171,Pete Seeger: The Power of Song,693,Collapsible travel bowl for pets on the go.,2020-09-28 14:27:14
54,Liliom,,A mix of frozen roasted vegetables for an easy side dish.,2025-05-01 22:10:38
352,Houdini,,,2024-06-12 10:35:15
556,Teen Witch,77,A soothing herbal tea made from ginger root.,2022-05-24 19:24:51
537,All the President's Men,654,"Crunchy granola with oats, nuts, and honey.",2021-07-23 09:37:19
582,Far From Home: The Adventures of Yellow Dog,,,2025-10-03 19:24:36
89,Tyler Perry's For Colored Girls,,Fresh sliced strawberries for toppings or snacking,2022-08-25 20:58:40
107,Mom and Dad Save the World,,Flour tortilla filled with cheese and a medley of vegetables.,2023-11-22 12:46:58
497,Manos: The Hands of Fate,,,2021-12-13 22:32:22
570,Fur: An Imaginary Portrait of Diane Arbus,200,"Crunchy granola clusters, perfect for snacking or topping yogurt.",2024-04-10 19:11:29
64,"Girl, The",,,2025-08-18 22:28:31
277,Faces of Death 4,384,Lightweight hammock for easy setup anywhere.,2023-04-18 06:49:21
74,Long Day's Journey Into Night,,"Ready-to-eat avocado slices, perfect for tacos.",2022-02-04 03:09:28
190,Budrus,678,Creamy yogurt made with coconut milk,2022-06-25 02:26:09
367,The Garden of Sinners - Chapter 5: Paradox Paradigm,341,,2023-09-14 00:42:40
538,Underground,,Unsweetened frozen acai purée for smoothies and bowls.,2023-04-01 11:14:31
63,Opportunity Knocks,259,Water-resistant blanket for picnics and outdoor events.,2025-02-09 14:14:48
130,"Lady Vanishes, The",293,,2022-09-26 01:49:17
560,Sorrow and Joy (Sorg og glæde),,Quality scissors designed for easy pet grooming.,2021-07-23 14:01:31
534,White Night (Hvid nat),116,,2020-03-18 11:46:24
556,Savannah Smiles,667,Set of two yoga blocks for increased stability and support.,2021-03-27 03:27:28
351,Straight Talk,,,2023-05-29 02:00:41
364,Amazonia,,Rapid boil electric kettle with temperature control.,2025-01-13 03:27:09
620,Caddyshack II,,"Creamy yogurt made from coconut milk, dairy-free and delicious.",2020-04-10 03:42:30
445,Effi Briest (Fontane - Effi Briest),603,Safety vest for pets during nighttime walks.,2024-02-12 01:32:07
482,Prime Suspect,378,,2023-01-03 12:39:26
394,"Very Long Engagement, A (Un long dimanche de fiançailles)",569,"Flavorful mustard with a tangy kick, perfect for hot dogs and sandwiches.",2024-10-06 15:24:52
307,Toe to Toe,,Bright LED flashlight with adjustable beam.,2021-12-07 02:10:08
62,Pentimento,412,,2021-01-11 06:56:31
623,Satan's Tango (Sátántangó),373,A delicious pizza loaded with vegetables,2020-10-19 00:16:18
158,"Man Who Loved Women, The (Homme qui aimait les femmes, L')",,"Savory, roasted nuts seasoned with garlic and parmesan.",2025-10-02 04:35:19
57,"Lawnmower Man, The",,"Crispy chips made from taro root, a wonderful snack.",2021-07-04 15:38:29
144,Step Up 2 the Streets,,Yoga socks designed to provide better grip and stability.,2020-09-22 20:55:59
35,Logan's Run,,,2021-05-11 01:30:57
356,Mutant Aliens,,Relax and soothe tired feet with this foot spa.,2020-08-28 10:58:14
250,"Thief, The (Vor)",154,"The perfect seafood snack, ready to eat and delicious.",2025-04-28 08:38:38
360,Vampire Effect (The Twins Effect) (Chin gei bin),,"Canned beans with chili sauce, perfect for chili dishes.",2025-01-19 23:05:10
631,Love Comes Softly,,Modern desk lamp that features a built-in USB charging port.,2023-11-05 04:32:38
696,No,462,Soft and breathable pillowcase for body pillows.,2021-05-28 04:55:23
461,No End in Sight,,"Sweet and chewy dried mango slices, perfect for snacking.",2020-09-27 21:24:54
257,Meatballs,,A perfect blend of pineapple and teriyaki for stir-fry.,2020-07-19 07:28:23
419,From the Clouds to the Resistance (Dalla nube alla resistenza),,Compact hand mixer for easy baking.,2023-07-20 01:49:38
577,Ballou,,Set of soothing scented candles for relaxation and ambiance.,2021-04-26 15:34:03
244,Folks!,307,Versatile chair that easily folds up for carrying.,2025-11-22 12:34:40
598,Ben-Hur: A Tale of the Christ,201,,2025-05-09 23:49:40
57,Caligula,333,"Fast and compact external solid state drive, 1TB.",2020-09-29 12:17:40
1,"Notorious Landlady, The",,,2025-03-30 18:02:06
570,Trembling Before G-d,,Frozen smoothie mix with bananas and peanut butter for a quick drink.,2021-06-13 02:36:23
186,Third Star,406,"Traditional Korean fermented vegetables, packed with flavor.",2021-03-15 18:08:06
471,'Salem's Lot,,Instant mix for delicious pumpkin spice lattes at home.,2023-02-14 11:43:35
69,Ricochet,114,"A classic soup combining tomatoes and basil, great with grilled cheese sandwiches.",2023-06-22 07:15:20
14,Betrayed,231,Sturdy camera tripod for professional photography.,2020-12-30 03:40:09
313,"Real McCoy, The",120,"Tender and juicy pork chops, perfect on the grill.",2023-01-06 10:55:47
134,"Twilight People, The",,"Sweet and savory carrots glazed in honey, perfect as a side dish.",2025-05-28 07:15:01
477,Christmas in Connecticut,143,Quick boiling kettle for small kitchens and dorms.,2020-09-25 02:35:51
170,Carmina or Blow Up (Carmina o revienta),,Peel and stick wallpaper for easy home decor changes.,2020-10-04 16:10:34
384,"Shunning, The",508,Oats and honey bars with a chewy texture and nutty flavor.,2021-02-02 13:50:18
449,Thunderbolt and Lightfoot,,,2021-02-23 22:30:21
302,"Christmas Tale, A (Un conte de Noël)",422,Eco-friendly bags for picking up after your pet.,2025-06-03 16:24:48
84,"Flying Fleet, The",,,2023-01-22 18:07:25
357,Frantic,426,"Green salsa with a spicy kick, great for dipping.",2021-10-23 18:51:31
137,Nothing But Trouble,,,2024-03-09 18:08:10
617,Death on the Nile,343,,2024-09-15 12:21:16
232,"Doom Generation, The",428,,2022-12-11 04:57:17
514,Stunt Squad,,Organize your board games with this storage bin.,2022-04-23 21:42:15
215,Polytechnique,499,Ergonomic mouse designed for gamers with high DPI.,2021-04-29 12:28:35
402,Last Orders,364,Elevate your outfit with this sophisticated velvet blazer.,2022-01-21 03:32:17
123,Farsan,,"Sweet and savory carrots glazed in honey, perfect as a side dish.",2023-09-20 05:48:48
522,The Italian Connection,117,"A sweet and spicy sauce, great for dipping or cooking.",2021-02-01 13:54:28
53,"Norte, the End of History",78,,2022-12-01 14:44:46
365,Moolaadé,635,Crunchy croutons with a blend of herbs for salads.,2023-10-03 07:54:59
39,Treasure of the Four Crowns,333,"Farm fresh eggs, essential for breakfast.",2023-02-14 16:06:42
41,"Trip to Italy, The",,Sweet mixture of cinnamon and sugar for sprinkling.,2023-10-27 04:50:28
1,Our Idiot Brother,,Stackable steamers for healthy cooking of vegetables and seafood.,2024-07-12 07:31:26
54,Francis,,"A hearty soup filled with vegetables and herbs, perfect for a light meal.",2022-06-25 01:07:32
307,"Charlie Brown Christmas, A",,Comfortable and stretchy legging pants perfect for workouts or daily wear.,2025-10-16 02:20:15
243,Anacondas: The Hunt for the Blood Orchid,,,2020-12-15 03:25:16
585,Attack of the Puppet People,373,Flavorful dressing made with miso paste,2025-11-17 05:45:49
63,Twelve Monkeys (a.k.a. 12 Monkeys),579,,2020-02-13 23:33:34
239,Upstream Color,324,"Protein-rich quinoa, a great alternative to rice.",2025-01-23 01:24:25
101,Alphabet,,Classic wooden puzzle game for kids and adults.,2021-07-12 15:51:53
104,AM1200,655,"Crispy chips made from assorted garden vegetables, lightly salted.",2025-05-07 11:48:36
529,Hotel,503,,2022-12-30 04:28:07
205,Animal Kingdom,387,,2020-05-28 21:35:39
210,Rogue Cop,,Soft and breathable cotton sweatpants perfect for lounging or workouts.,2023-03-05 15:33:10
544,"Animal, The",290,"Steamed edamame tossed in a spicy garlic sauce, great for snacking.",2021-08-31 23:25:38
100,Divorce Iranian Style,180,Spicy and smoky sausage great for grilling.,2025-06-16 22:14:18
372,The Bloodstained Butterfly,314,Set of baking sheets for effortless baking.,2023-06-02 01:28:57
585,Under the Stars (Bajo las estrellas),472,"Refreshing tea with honey and lemon flavor, perfect for a warm drink.",2022-11-02 04:07:38
434,Beyond a Reasonable Doubt,122,"A selection of different flavored hummus, great for snacking.",2024-11-07 17:53:22
223,"Peacemaker, The",408,Eco-friendly coffee filter for brewing.,2024-09-14 22:13:12
37,Sinbad: The Fifth Voyage,384,Thermos that tracks your water intake and temperature.,2021-04-16 07:36:01
30,Loaded Weapon 1 (National Lampoon's Loaded Weapon 1),230,A flowy maxi dress perfect for both casual and semi-formal occasions.,2025-02-14 00:59:22
156,What No One Knows (Det som ingen ved),326,Rich sauce for desserts and ice cream.,2021-04-12 15:11:29
456,"Stuff, The",559,Nutritious chia seeds great for smoothies,2024-11-16 09:12:02
307,Flashpoint,261,"Lightweight cover-up perfect for the beach, with a breezy design.",2022-11-12 09:43:28
188,Education for Death,,A delicious chicken dish featuring honey and sesame flavors.,2024-10-09 18:27:24
670,King Lear (Korol Lir),217,Light and crunchy rice cakes with a variety of flavors.,2021-07-12 05:34:30
682,Bluebeard,424,"Organize travel documents, passport, and cards.",2025-11-14 16:53:22
167,Brubaker,88,,2022-05-31 06:02:08
319,Hush,616,Intricate designs for adults to relax and unwind.,2022-08-12 20:33:45
551,Brooklyn Rules,213,Frozen vegan tacos filled with plant-based protein and spices.,2023-04-14 22:27:20
19,Mary Reilly,226,Essential ingredient for baking fluffy cakes and pastries.,2022-03-13 02:48:37
152,Tomorrow We Move (Demain on déménage),602,Natural energy bites packed with fruits and nuts for a perfect snack.,2020-04-30 08:18:52
380,See Spot Run,,Natural elderberry syrup to boost immunity.,2022-05-30 16:17:53
92,Mar Baum,102,Set of resistance bands for strength training at home.,2020-04-03 00:31:27
604,Beastly,163,,2021-12-24 05:46:20
7,Vibrator,685,"Refreshing apple juice, 100% juice with no added sugar.",2025-05-28 16:50:48
163,"General, The",24,,2020-10-08 02:55:11
118,Blood for Dracula (Andy Warhol's Dracula),,Everything you need to bake delicious chocolate chip cookies.,2020-07-25 13:39:05
511,Beyond Silence (Jenseits der Stille),638,,2022-11-28 18:27:51
396,"Revenant, The",433,,2020-08-14 13:55:45
447,"Tramp, The (Awaara) (Awara)",,"Soft and comfortable robe, perfect for lounging at home.",2021-01-25 18:13:23
16,Trader Horn,12,,2025-12-15 10:12:48
97,Walter Defends Sarajevo (Valter brani Sarajevo),,A cozy cable knit beanie to keep your head warm in winter.,2022-11-17 02:16:22
16,"Turning Point, The",545,"Natural mineral salt with a subtle flavor, ideal for cooking and seasoning.",2021-08-31 08:03:50
155,"Notti bianche, Le (White Nights)",130,Non-slip yoga mat for optimal grip and comfort.,2021-03-16 11:33:05
70,Killjoy Goes to Hell,39,Set of reusable stainless steel straws for drinks.,2023-05-09 22:59:08
270,Spider-Man,200,,2022-05-12 20:28:45
598,"Legend of Boggy Creek, The",627,"Soft pretzel bites, perfect for dipping in mustard or cheese sauce.",2022-02-28 01:24:22
90,For My Father (Sof Shavua B'Tel Aviv),380,Comfortable camping mattress that inflates automatically.,2020-04-27 18:26:05
498,Starbuck,,"Wild-caught salmon filets, perfect for grilling or baking.",2024-01-28 02:28:55
297,Easy Street,,"Versatile canned black beans, ready to add to any dish.",2025-02-05 04:52:58
654,"Twilight Saga: New Moon, The",,,2023-07-08 02:52:57
289,Pigs with a P.38,,,2025-11-19 05:36:38
375,Alice in Murderland,168,,2023-06-30 19:35:21
356,Excuse Me for Living,17,,2023-10-14 06:21:33
621,"Story of Marie and Julien, The (Histoire de Marie et Julien)",20,Precision digital scale for accurate cooking measurements.,2024-06-09 04:01:55
392,Basket Case 3: The Progeny,364,Rich cocoa powder for baking and chocolate recipes.,2023-09-11 01:45:12
546,"Soldier's Sweetheart, A",700,Hearty chili made with premium ground beef and kidney beans.,2021-09-23 07:10:29
393,Holiday,,Personalize your calendar with photos and special dates.,2020-05-24 21:05:26
678,Dischord,,Waterproof cover to protect car seats from pet hair and dirt.,2023-07-09 07:11:15
244,Inside Moves,,Set of decorative ceramic planters for indoor plants.,2024-12-20 22:21:29
168,Fuck,68,Essential tools for bike maintenance and repair.,2024-12-13 08:08:44
223,Climate of Change,,A crunchy collection of flavored kettle chips in a convenient pack.,2020-12-08 07:33:33
539,America's Heart and Soul,113,Set of roller bottles for blending and applying essential oils.,2023-09-07 18:26:45
534,Dischord,639,A fashion-forward bomber jacket to elevate your casual looks.,2020-08-10 07:40:52
291,Happy Weekend,122,"Creamy ranch dressing, perfect for salads and dips.",2021-05-10 18:09:12
518,Horrible Bosses,680,A nutritious shake with rich chocolate and refreshing mint flavors.,2023-10-02 22:50:34
443,Fun Size,404,Beautiful leather-bound journal for writing and sketching.,2022-04-19 06:27:52
108,Repentance (Monanieba),,Flour tortilla filled with cheese and a medley of vegetables.,2024-12-04 10:33:12
689,Living Out Loud,,"Flavorful lentil soup, perfect for a quick meal.",2024-08-24 13:12:33
41,Ice Cream Man,700,"Bright, vibrant sign to add flair to any space.",2022-01-25 19:35:41
645,How I Live Now,300,Fresh sushi rolls filled with a variety of vegetables.,2020-08-23 00:46:32
285,"Nines, The",504,"Seasonal pumpkin ice cream, perfect for fall.",2025-05-26 16:00:19
153,"Man Named Pearl, A",,Flavorful sauce perfect for stir-frying vegetables and tofu.,2024-11-07 19:14:03
404,How to Marry a Millionaire,647,Anti-fog ski goggles for winter sports.,2020-02-11 06:11:06
167,Axed,,,2022-09-19 18:13:48
452,Forget Paris,235,,2024-08-05 04:42:00
462,"Real Cancun, The",524,Set of magnetic jars for convenient spice organization.,2022-10-06 16:10:05
411,Ellie Parker,680,"Nutrient-rich broccoli, easy to add to any meal.",2023-05-15 14:46:40
394,Bridget Jones's Diary,276,"Juicy peach slices in light syrup, in convenient cups.",2021-12-15 19:38:53
25,Floating Clouds  (Ukigumo),215,,2023-01-06 18:44:07
365,Mad About Mambo,,,2023-01-30 07:03:36
46,Billy's Holiday,,Powerful electric pressure washer for deep cleaning.,2022-12-03 19:01:46
113,Bloodline,82,,2024-09-09 07:32:15
571,"Majestic, The",280,Indoor Wi-Fi camera for home security.,2025-09-15 03:13:27
156,Lebanon,,A hearty vegetable curry for a quick and satisfying meal.,2024-01-12 17:32:17
595,Tale of Cinema (Geuk jang jeon),434,Dairy-free cheese alternative for your favorite dishes.,2024-08-21 13:31:57
433,"Glimpse Inside the Mind of Charles Swan III, A",,A hearty mix of beans in a flavorful tomato broth.,2025-06-25 16:36:09
603,Bringing Out the Dead,256,,2021-02-15 22:55:26
322,"Marriage of Maria Braun, The (Ehe der Maria Braun, Die)",538,Light and crunchy rice cakes made from organic brown rice.,2021-06-27 15:10:05
258,Heart Like a Wheel,168,A seasonal creamer that adds pumpkin spice flavor to coffee or tea.,2023-07-07 10:26:05
91,Let Me In,,Compact wireless set for easy computer usability.,2025-12-05 00:30:59
504,Only You,,Eco-friendly soy candles with a variety of scents.,2020-05-20 04:55:18
511,Gambling City,587,A refreshing sparkling beverage with a bold blood orange flavor.,2025-06-17 17:38:04
500,Encino Man,,Non-toxic traps for catching household pests safely.,2020-07-02 22:02:55
458,"Giant Claw, The",561,Portable mixer bottle for smoothies and protein shakes.,2021-05-09 21:44:04
288,Gregory Crewdson: Brief Encounters,422,,2024-04-16 15:24:56
427,Short Circuit 2,537,Stream HD video wirelessly from devices to TV.,2022-11-26 21:56:37
551,To the Limit (Am Limit),20,Sharp tailored blazer perfect for office wear and professional events.,2022-07-27 04:03:18
385,Unborn in the USA: Inside the War on Abortion,,Decorative table runner perfect for autumn gatherings.,2023-10-04 09:17:12
263,8 Seconds,464,Convenient holder for drinks and phones while driving.,2023-11-10 04:24:13
460,Tammy and the Bachelor,210,Ceramic incense holder for a calming atmosphere.,2020-03-29 18:26:50
70,Miami Vice,112,"Fresh and tart organic green apples, great for snacking or baking.",2022-07-24 20:57:13
470,The Brave Little Toaster Goes to Mars,,,2023-08-13 01:37:23
460,Mindwarp,,,2024-04-13 22:24:17
491,"Barbary Coast Gent (Gold Town) (Honest Thief, The)",129,"A flavorful garlic butter blend, perfect for cooking or baking.",2025-08-18 18:47:33
128,Kidnap Syndicate,,Adjustable shower head for a luxurious shower experience.,2022-10-02 16:54:53
25,One Man's Hero,,Versatile chair that easily folds up for carrying.,2023-06-26 11:14:58
325,"Initiation, The",552,Rechargeable training collar for effective behavior training.,2021-11-25 07:05:51
124,"Adventures of Milo and Otis, The (Koneko monogatari)",680,"Freshly baked bagels, perfect for breakfast or snacks.",2023-02-10 23:43:33
674,Slipstream,,"Smooth soup made from carrots and ginger, great for cold days.",2023-09-22 20:51:53
621,"Greystoke: The Legend of Tarzan, Lord of the Apes",361,Comfortable carry for pets while hiking or traveling.,2020-01-14 09:30:40
243,Bee Movie,694,,2023-02-10 20:08:17
512,Young & Wild (Joven y alocada),,Convertible kneeler and seat for gardening comfort.,2022-10-10 19:14:36
651,Family Affair ,,,2023-03-10 02:10:24
130,Accepted,,,2024-06-06 17:19:56
273,Ticker,533,Soft hamburger buns made with whole grains.,2023-12-19 01:56:01
145,Stephanie Daley,381,,2020-12-24 01:38:57
555,Tangled Ever After,97,Foldable reclining camping chair with cup holder.,2021-06-25 16:56:58
413,He Ran All the Way,,Battery-operated air purifier for small spaces.,2022-07-26 04:41:10
132,Return to Sender,694,A trendy cropped sweater perfect for a casual look.,2025-08-07 02:46:07
384,Captain Kidd,,Sharp tailored blazer perfect for office wear and professional events.,2021-11-08 10:22:29
505,Parked,279,Durable jump rope with built-in counter for workouts.,2021-03-17 18:22:37
482,Lake Mungo,75,Roasted almonds dipped in rich dark chocolate.,2023-01-23 13:36:20
10,Detective Story,,"Frozen sausage patties made with herbs and spices, perfect for breakfast sandwiches.",2022-06-27 13:42:29
269,Siegfried,114,Set of resistance bands for versatile strength training workouts.,2023-09-02 23:51:43
404,My Neighbor Totoro (Tonari no Totoro),,"Chic suede ankle booties, perfect for dressing up or down.",2023-12-01 23:10:19
396,Alone for Christmas,556,"High-density, non-slip yoga mat for stability and comfort.",2023-01-16 10:05:20
422,The Phantom Light,677,,2020-12-20 13:33:04
376,The Kick,201,Healthy granola made with oats and honey.,2025-07-21 16:36:37
190,"Silence of the Lambs, The",,Complete set to brew coffee with different methods.,2025-09-06 13:28:52
313,Deadline,378,Double-walled mug to keep your drink hot for longer.,2024-05-16 02:14:41
604,West of the Divide,371,Trendy high-top canvas sneakers for a stylish streetwear look.,2020-12-20 01:52:50
295,Power 98,510,,2022-03-04 02:07:59
226,"Men Who Tread on the Tiger's Tail, The (Tora no o wo fumu otokotachi)",555,"Synthetic crab meat sticks, great for salads and sushi.",2024-10-22 01:54:40
667,"Busher, The",675,Craft your own lip balms with this complete kit.,2020-11-30 04:35:29
506,"Leopard Man, The",,Compact laundry bag for travel use.,2021-08-10 08:20:42
171,Fear of a Black Hat,120,Chocolate coconut protein bars inspired by the classic candy bar.,2024-10-29 23:16:18
648,"Unsuspected, The",,"Versatile holder that can be used on desks, cars, and more.",2025-06-03 10:08:42
538,She-Wolf of London,152,Foldable table for working with laptops anywhere.,2023-04-11 08:36:45
109,American Bandits: Frank and Jesse James,,Compact fire pit for campfires and gatherings.,2024-04-02 19:30:51
396,Puss in Boots (Nagagutsu o haita neko),,Efficient juicer for fresh fruit and vegetable juices.,2021-02-08 06:31:35
45,"City of the Living Dead (a.k.a. Gates of Hell, The) (Paura nella città dei morti viventi)",,"Creamy risotto made with mushrooms and herbs, perfect as a side dish or main course.",2025-10-20 15:36:25
648,100 Years at the Movies,375,"Thin rice noodles, ideal for stir-fries and soups.",2024-08-31 07:33:00
496,Stingray Sam,,"Instant miso soup mix, just add hot water for a warm meal.",2022-08-19 22:54:03
21,Jesse Stone: Death in Paradise,,Fresh sliced strawberries for toppings or snacking,2025-07-25 10:06:53
550,Mein Leben - Marcel Reich-Ranicki,423,Soft throw blanket for cozy home decor.,2021-05-18 05:13:06
363,Dead Man's Bluff,,,2023-05-21 06:29:55
479,Go for Zucker! (Alles auf Zucker!),,Nutritious chia seeds great for smoothies,2020-10-17 03:52:33
172,Wedding Bell Blues,59,"Eye-catching mini dress with sequins, ideal for party nights out.",2023-01-25 04:08:47
284,Garbage Warrior,380,Manual pasta maker for homemade pasta.,2022-11-22 23:54:35
461,"Brøken, The (a.k.a. Broken, The)",,"Floral and refreshing herbal tea, great hot or iced.",2025-12-13 14:40:53
134,Dangerous Game,425,"Fruits dipped in rich chocolate, perfect for desserts.",2024-12-19 04:43:34
600,Meet the Deedles,,"Instant miso soup mix, just add hot water for a warm meal.",2024-01-09 08:21:00
96,Playing,,Pancake mix infused with seasonal pumpkin spice flavor.,2025-02-28 05:07:15
527,Any Wednesday (Bachelor Girl Apartment),82,Lightweight and moisture-wicking racerback tank for workouts.,2021-07-09 21:19:56
686,Lady in the Lake,651,,2024-02-14 20:27:48
118,Dragon Ball Z: Super Android 13! (Doragon bôru Z 7: Kyokugen batoru!! San dai sûpâ saiyajin),,Folding massage table for professional or home use.,2025-07-16 08:13:44
549,Tennessee,279,,2023-05-08 00:06:48
625,"Naked Prey, The",,Planter with self-watering feature for easy plant care.,2023-03-30 19:14:26
157,The Girl in a Swing,314,Vegetable spiralizer for healthy meals.,2022-06-21 15:15:42
552,Kumail Nanjiani: Beta Male ,343,Flour tortilla filled with cheese and a medley of vegetables.,2024-12-18 18:51:42
443,Jesse Stone: No Remorse,,Rich and flavorful tomato sauce for pasta or pizza.,2022-08-09 08:55:47
381,"Magnificent Ambersons, The",362,Polarized sunglasses with UV protection.,2024-10-19 19:02:06
663,He Walked by Night,463,"Sweet and chewy dried mango slices, perfect for snacking.",2025-03-12 13:47:10
245,Frankenfish,,Bold combat boots that make a statement with any outfit.,2020-06-23 14:49:29
518,Game of Death,407,Creamy Greek yogurt packed with protein and probiotics.,2020-09-19 20:33:11
21,Holes,261,Sanitary holder that ensures your toothbrush stays clean.,2023-06-11 04:03:52
595,"Secret Adventures of Tom Thumb, The",,A fitted ribbed knit dress that hugs your curves perfectly.,2023-12-19 01:25:37
192,Bernice Bobs Her Hair,463,,2024-07-09 08:44:13
108,Three Colors: White (Trzy kolory: Bialy),,"Natural mineral salt with a subtle flavor, ideal for cooking and seasoning.",2022-02-18 16:46:46
308,"11'09""01 - September 11",3,,2020-08-10 08:16:28
252,Varan the Unbelievable,662,Fiery hot sauce made with fresh habaneros and spices.,2025-05-16 10:32:02
136,Grand Illusion (La grande illusion),,Everything you need to bake delicious chocolate chip cookies.,2025-01-13 22:18:32
650,Big Bad Mama,537,"Deliciously crunchy sweet potato chips, seasoned to perfection.",2020-10-01 12:45:07
96,Mabel at the Wheel,247,Lightweight hair dryer with multiple speed settings.,2022-06-02 19:48:12
262,Titanic,164,"Savory hash made with sweet potatoes and kale, a perfect side dish.",2022-11-13 13:06:38
652,"Comancheros, The",344,Ready-to-eat chicken bowl with teriyaki sauce and rice.,2021-04-11 19:54:36
523,Valhalla,552,,2020-07-16 15:43:40
512,Nina Takes a Lover,399,,2020-08-12 03:43:11
655,Wonder Woman,36,"Easy-to-prepare rice with cilantro and lime flavors, great as a side.",2020-04-28 16:41:18
655,Street Fighter: The Legend of Chun-Li,,,2020-02-03 10:53:15
308,Shrooms,,Color-changing smart LED bulbs compatible with Alexa.,2022-08-02 02:04:40
178,"To Wong Foo, Thanks for Everything! Julie Newmar",188,Lightweight and portable swing hammock for relaxing outdoors.,2021-01-25 12:15:01
573,Running Scared,491,Stylish desk set to keep your workspace tidy and organized.,2023-06-02 09:59:48
275,"Free Soul, A",,"Non-stick griddle for pancakes, burgers, and more.",2024-06-29 21:12:50
619,Loosies,88,Electric foot massager with heat settings.,2024-12-09 05:34:46
177,Ironweed,,"Rich and smooth cold brew coffee concentrate, just add water or milk.",2022-10-28 14:30:23
675,"Many Adventures of Winnie the Pooh, The",,Delicious plant-based burger made with organic black beans and spices.,2023-05-25 09:23:41
271,Himizu,128,"Refreshing coconut water, perfect for hydration.",2021-07-26 04:13:49
268,"Battle of Algiers, The (La battaglia di Algeri)",,Beginner telescope for stargazing and exploring.,2024-01-23 23:22:06
486,"Sentimental Swordsman, The (To ching chien ko wu ching chien)",643,"Layered Greek yogurt with granola and mixed berries, ready to enjoy.",2021-10-03 07:53:23
