nom,adresse,description_lieu
Acanthaceae,25 Onsgard Lane,Water bottle that tracks your hydration levels.
Agavaceae,9499 Declaration Plaza,Durable gardening gloves with reinforced fingertips.
Asteraceae,6 Meadow Ridge Way,"Spicy chili in a can, ready to eat for a filling meal."
Caryophyllaceae,04 Victoria Road,Electric foot massager with heat settings.
Verbenaceae,20 Old Gate Way,Frozen mango chunks for smoothies or snacking.
Apiaceae,840 Clemons Circle,Assorted collection of herbal teas for relaxation and wellness.
Brassicaceae,84731 Hallows Alley,Stylish tote to keep wine bottles chilled while traveling.
Crassulaceae,1 Sutherland Trail,Heat-sensitive mug that changes color when filled with hot liquid.
Nyctaginaceae,267 Sherman Hill,Use this foam roller for effective post-workout recovery.
Rosaceae,6 Sauthoff Circle,Sweet and nutty filling for delicious homemade pecan pie.
Bryaceae,01 Jana Point,Relieve muscle tension and soreness with this foam roller.
Lamiaceae,1053 Anhalt Park,"A hearty salad with grains, dried fruits, and nuts."
Liliaceae,7795 Doe Crossing Way,Delicious bacon with a rich applewood smoked flavor.
Ericaceae,931 Erie Street,Upgrade your phone photography with this lens kit that includes wide-angle and macro lenses.
Poaceae,5 Mandrake Point,Rechargeable electric razor for a smooth shave.
Convolvulaceae,3 Crowley Parkway,Space-saving bike for indoor workouts.
Lamiaceae,4 Anniversary Crossing,Soft and chewy cookies made with creamy peanut butter.
Scrophulariaceae,017 Laurel Junction,Durable boots designed for outdoor hiking and activities.
Asteraceae,669 Pierstorff Plaza,Delicious veggie burger patties for grilling or frying.
Asteraceae,064 Oxford Terrace,Reversible bamboo chopping board for food prep.
Parmeliaceae,02152 Hermina Crossing,Portable coffee maker for rich brews on the go.
Fabaceae,82708 Stang Crossing,"Pre-cooked vegetable fried rice, just heat and serve."
Funariaceae,46122 Manley Circle,Frozen vegetable primavera for quick meals.
Arthoniaceae,03 Acker Parkway,Convenient shower system for camping and outdoor activities.
Polygonaceae,1064 Warbler Terrace,"Creamy and smooth peanut butter, perfect for sandwiches."
Asteraceae,0 Old Gate Center,Fluffy rice cooked with coconut milk for a tropical twist.
Fabaceae,762 Dahle Alley,"Fresh zucchini, versatile for grilling or sautéing."
Cyperaceae,225 Mitchell Pass,Spicy cauliflower bites for a vegetarian snack.
Fabaceae,5 Saint Paul Hill,"A light and tangy dressing with poppy seeds, perfect for salads."
Myrtaceae,1 Straubel Road,Soft comforter set for a cozy bedroom look.
Bacidiaceae,3552 Eastlawn Point,UV light sanitizer for phones and small items.
Fabaceae,82853 Susan Plaza,"Crispy chicken bites, perfect for dipping."
Lecanoraceae,1 Arapahoe Hill,Practical cargo pants with lots of pockets for functionality.
Asteraceae,5653 Morrow Lane,Stylish cap to complete your athletic look.
Polygonaceae,97578 Goodland Street,Secure phone mount that wirelessly charges your device while driving.
Euphorbiaceae,15 Buell Parkway,A meal kit featuring tender chicken with honey sesame sauce.
Poaceae,41778 Mockingbird Road,Compact laundry bag for travel use.
Physciaceae,3 Karstens Court,Easy setup tent perfect for camping and outdoor festivals.
Anacardiaceae,8 Lindbergh Center,Everything you need to make melt-in-your-mouth cinnamon rolls at home.
Grossulariaceae,3 Bunting Alley,Adjustable phone mount for car dashboard.
Asteraceae,60 Farragut Circle,Relieve muscle tension and soreness with this foam roller.
Boraginaceae,2140 Springs Point,Rechargeable hand warmer for cold weather comfort.
Teloschistaceae,13 Fieldstone Trail,Comfortable pet carrier for travel and vet visits.
Cyperaceae,224 Browning Center,Eco-friendly charger with a built-in solar panel for outdoor use.
Brassicaceae,74 Oxford Hill,"Trendy high-low tee with a relaxed fit, ideal for weekends."
Bruchiaceae,5336 Ridgeway Pass,Compact keyboard for tablets and smartphones.
Rosaceae,48229 Calypso Street,Floating lounger for relaxation in swimming pools or lakes.
Brassicaceae,37984 Fremont Drive,Creamy chia pudding made with coconut milk and topped with mango.
Fabaceae,78658 Forster Trail,Oversized gaming mousepad with smooth surface.
Collemataceae,56522 Lyons Crossing,"Essential cotton tank top, perfect for layering."
Crassulaceae,823 Forest Dale Street,Large electric griddle for family meals.
Fabaceae,6 Portage Road,"Track steps, heart rate, and sleep patterns."
Fabaceae,0 Victoria Hill,"Artisan bread topped with olives, feta, and herbs, perfect for sharing."
Brassicaceae,59241 Morningstar Plaza,Finely ground flour from dried coconut meat.
Liliaceae,52602 Namekagon Hill,"Fragrant jasmine rice, perfect as a side dish."
Brassicaceae,81 Dwight Place,Stream HD video wirelessly to your TV.
Cyperaceae,9483 Duke Park,"Fresh button mushrooms, great for cooking."
Fabaceae,2382 Twin Pines Avenue,GPS collar that monitors your pet's location and activity level.
Papaveraceae,2 Alpine Court,Versatile canvas sneakers suitable for everyday wear with a comfortable fit.
Cactaceae,9 Lakeland Junction,Delicious cookies packed with oats and raisins.
Poaceae,08123 Brown Pass,Complete karaoke system with microphones and speakers.
Porpidiaceae,86 Delladonna Lane,Adjustable tripod for smartphones and cameras.
Pottiaceae,129 Elgar Hill,Plant-based mayonnaise for a creamy taste.
Asteraceae,51 Fieldstone Road,Crunchy pretzels dipped in rich dark chocolate.
Cactaceae,96 Kipling Circle,Comfortable and reusable face masks in different styles.
Fabaceae,44 Crownhardt Plaza,High-quality voice recorder for lectures and meetings.
Caprifoliaceae,1 Holmberg Avenue,"Lightweight, expandable hoses for easy handling."
Aloaceae,33892 Morningstar Hill,Bottle with infuser for brewing loose-leaf tea on the go.
Arecaceae,406 Village Alley,Classic cereal made with whole grains and honey.
Malvaceae,0728 Ludington Trail,"Tangy green salsa made with tomatillos, perfect for tacos."
Rosaceae,420 Dunning Parkway,"Salmon fillets seasoned with lemon and dill, perfect for grilling."
Betulaceae,85851 Meadow Vale Street,Natural elderberry syrup to boost immunity.
Bryaceae,23519 Grayhawk Hill,"Sweet blackberry compote, perfect for topping desserts."
Asteraceae,8 Village Street,Non-stick surface for easy cooking and cleaning.
Bryaceae,13837 Sunnyside Place,Convenient charging pad for wireless charging in vehicles.
Brassicaceae,861 Pine View Pass,Tender carrots glazed with a sweet maple sauce.
Poaceae,0931 Lotheville Hill,Juicy raisins coated in rich dark chocolate.
Verbenaceae,30210 Veith Circle,"Lightly salted frozen edamame, a protein-packed snack."
Cyperaceae,14879 Sommers Park,Magical lens kit for kids to explore the outdoors.
Fabaceae,9 Cordelia Center,Complete set for garden care with a handy carrying bag.
Juncaceae,37 Shoshone Point,Flavored aioli made with roasted garlic
Scrophulariaceae,79778 Anhalt Point,"A fresh salad made with black beans, corn, and a zesty dressing, great for summer cookouts."
Fabaceae,495 Alpine Center,DIY LED strip lights with remote control.
Asteraceae,289 Logan Lane,Nutritious bars packed with protein for energy
Piperaceae,4827 Westridge Circle,GPS pet collar that helps locate your pet via smartphone app.
Sapotaceae,328 Banding Junction,Cozy throw blanket perfect for chilly evenings.
Lamiaceae,72 Westerfield Road,Refreshing basil-infused lemonade for a cool drink.
Pandanaceae,458 Summer Ridge Street,Rich cocoa powder for baking and chocolate recipes.
Polygonaceae,84 Dottie Parkway,Manual blender for smoothies and mixing ingredients on the go.
Caryophyllaceae,4 Brown Center,All-natural skincare set for daily use.
Hydrophyllaceae,11 Stone Corner Court,Rotating spice rack with 20 spice jars.
Scrophulariaceae,79215 1st Junction,Automated cleaning robot for hassle-free home maintenance.
Caricaceae,296 Towne Trail,Durable jump rope for cardio workouts.
Myoporaceae,6629 Kropf Junction,Healthy chia pudding made with mango and coconut milk.
Dicksoniaceae,6651 Orin Crossing,"Creamy cheddar cheese slices, perfect for sandwiches and snacks."
Polygonaceae,13 Bluestem Drive,A crunchy collection of flavored kettle chips in a convenient pack.
Valerianaceae,55687 Bluestem Trail,Compact food processor for quick meal prep.
Nyctaginaceae,43335 Fair Oaks Plaza,"Fluffy couscous seasoned with a blend of herbs, perfect as a side dish."
Scrophulariaceae,5651 Brentwood Lane,A sweet and spicy sauce for dipping or glazing.
Polemoniaceae,5 Ilene Terrace,A warm and sustainable wool scarf for chilly days.
Asteraceae,88 Norway Maple Junction,"A nutritious quinoa salad with veggies and dressing, ready-to-eat."
Malvaceae,19418 Hayes Park,Retro-style graphic tee with a soft wash for a vintage feel.
Campanulaceae,8458 Blackbird Drive,Bright flashlight with rechargeable batteries included.
Fabaceae,5 Rutledge Hill,Space-efficient shoe rack to keep entryways organized.
Oleaceae,248 Arizona Junction,A perfect blend of pineapple and teriyaki for stir-fry.
Poaceae,10 Maryland Lane,"Creamy risotto made with mushrooms and herbs, perfect as a side dish or main course."
Collemataceae,9841 Grim Park,Elegant classic pumps that add sophistication to any outfit.
Asteraceae,7 Clove Hill,Solar-powered charger for smartphones and tablets.
Gesneriaceae,7 Goodland Terrace,Gentle grooming gloves for shedding pets.
Chenopodiaceae,427 Moose Plaza,64GB SD memory card for cameras and devices.
Ephemeraceae,114 Delaware Drive,Collapsible dish rack for kitchen countertop use.
Parmeliaceae,2 Sutherland Way,Ergonomic memory foam pillow for better sleep.
Cyperaceae,4094 Lakeland Center,Comprehensive first aid kit for home or travel emergencies.
Asteraceae,30 Service Court,"Floral and refreshing herbal tea, great hot or iced."
Micareaceae,19 Meadow Valley Avenue,Large stir fry pan with non-stick surface.
Fabaceae,90752 Oak Trail,Soft and cozy slippers for indoor wear.
Onagraceae,8221 Hagan Plaza,"A mix of carrots, peas, and corn, easy to stir-fry."
Polygonaceae,8 Stephen Street,Crunchy pretzels dipped in rich dark chocolate.
Fabaceae,5 Crest Line Center,Nutritious protein bars for on-the-go snacking.
Juncaceae,31676 Carberry Hill,"Seasoned and roasted to perfection, ready to eat."
Letrouitiaceae,01686 Westend Trail,Comfortable eye mask that includes noise-canceling ear plugs.
Dryopteridaceae,9035 Milwaukee Point,"A mix of fresh raspberries, blueberries, and blackberries."
Campanulaceae,381 Eagle Crest Plaza,Soft and cozy slippers for indoor wear.
Fabaceae,0 School Point,Colorful bins to keep your space organized.
Scrophulariaceae,1 Larry Lane,"Artisan bread topped with olives, feta, and herbs, perfect for sharing."
Malpighiaceae,45 Lakeland Center,Thermos that tracks your water intake and temperature.
Fabaceae,33190 Darwin Alley,"Tender jackfruit cooked in BBQ sauce, a delicious plant-based alternative."
Fabaceae,879 Troy Court,Nutty and wholesome brown rice.
Asteraceae,29 Delladonna Road,A blend of peach and mango for a tropical smoothie.
Valerianaceae,88517 Darwin Plaza,"Sweet and nutritious potatoes, great for roasting."
Orthotrichaceae,160 Kingsford Center,Marinated chicken grilled with lemon and herbs.
Liliaceae,18277 Morning Circle,Energy-efficient window air conditioner for cooling.
Cyperaceae,62830 Cascade Terrace,"Delicious and fully cooked sliced ham, ready to eat."
Grammitidaceae,03 Lighthouse Bay Road,Lightweight and portable folding table for camping or picnics.
Asteraceae,7 Morningstar Lane,A nourishing bowl of sweet potatoes and chickpeas with spices.
Brassicaceae,15974 Utah Place,Set of stylish throw pillows for home decor.
Polygonaceae,57 Sullivan Crossing,Delicious muffins filled with apples and a hint of cinnamon for breakfast.
Polemoniaceae,17072 Buena Vista Park,Beginner-friendly acoustic guitar with natural finish.
Hydrophyllaceae,90587 Ruskin Parkway,"Fresh pomegranate juice, rich in antioxidants."
Lamiaceae,355 Cardinal Circle,Hands-on experience with science and engineering projects.
Rhamnaceae,91 Division Alley,"Pizza topped with barbecue chicken, cheese, and red onions."
Ericaceae,7908 Hansons Street,Crispy and sweet dried apple slices
Poaceae,85 Grasskamp Drive,Cozy oversized sweater perfect for chilly days with a textured knit design.
Asteraceae,8594 Onsgard Pass,Flavored aioli made with roasted garlic
Apiaceae,9 Union Street,Crispy chicken nuggets for quick meals.
Apiaceae,56322 Blaine Trail,"Steamed edamame tossed in a spicy garlic sauce, great for snacking."
Asteraceae,38524 Heath Lane,"Pizza topped with barbecue chicken, cheese, and red onions."
Asteraceae,717 Warner Place,A mix of brined Mediterranean olives for snacking.
Boraginaceae,557 Alpine Parkway,Fresh eggs from free-range chickens.
Rubiaceae,583 Stone Corner Plaza,Rich and creamy pudding made with ripe avocados and cocoa.
Asteraceae,4971 Northview Pass,Frozen mix for quick berry smoothies.
Rutaceae,96189 Haas Avenue,Crunchy granola with cranberries and pecans.
Aquifoliaceae,1 Nelson Circle,Stylish stand to hold your recipes while cooking.
Poaceae,139 Sauthoff Terrace,Portable mixer bottle for smoothies and protein shakes.
Iridaceae,02692 Rigney Terrace,Stylish and modern holder for storing wine bottles on walls.
Heppiaceae,8896 Surrey Junction,Handmade eco-friendly bowls made from real coconuts.
Asteraceae,3505 Westend Junction,"Flavored couscous with herbs and spices, perfect as a side dish or a base for salads."
Geraniaceae,56 Center Center,"Compact, waterproof blanket for picnics and events."
Cyperaceae,0399 Elmside Circle,"Ready-to-eat chia seed pudding made with coconut milk, perfect for breakfast or dessert."
Polemoniaceae,70294 Gina Drive,Sleek and protective sleeve for laptops and tablets.
Fabaceae,738 Summit Plaza,Compact electric pot for hot pot dining at home.
Poaceae,7052 Moland Pass,"Floral and refreshing herbal tea, great hot or iced."
Hydrophyllaceae,194 Shasta Terrace,Miso paste for making traditional Japanese miso soup.
Apiaceae,042 Hoepker Road,Crunchy granola with raisins and cinnamon for a delightful breakfast.
Rhamnaceae,0 Schlimgen Trail,"Fresh fruit salad, ready to eat and refreshing."
Psoraceae,873 Arrowood Lane,Convenient charging pad for wireless charging in vehicles.
Cyperaceae,28397 Karstens Point,Universal mount for smartphones on motorcycles.
Caryophyllaceae,476 Service Point,"A comfortable henley shirt made of soft cotton, perfect for casual outings."
Asteraceae,3158 Raven Lane,"Creamy and delicious soup made with real butternut squash, ready to heat."
Brassicaceae,2 Northland Plaza,"Crunchy, seasoned chickpeas for a wholesome snack."
Fabaceae,52 Everett Circle,"Seasoned and roasted to perfection, ready to eat."
Orchidaceae,50431 Carberry Road,An elegant jumpsuit that can be dressed up or down.
Brassicaceae,25 Del Mar Parkway,Bluetooth speakers with excellent sound quality.
Pittosporaceae,24236 Arkansas Parkway,A creamy and flavorful hummus made with roasted red peppers.
Rubiaceae,1417 Mccormick Parkway,Roasted Brussels sprouts drizzled with balsamic glaze.
Parmeliaceae,93700 Forest Run Drive,Device that tracks soil moisture and provides care tips.
Asteraceae,919 Heffernan Street,Easy-to-use portable grill for barbecues.
Isoetaceae,842 North Circle,Beginner-friendly acoustic guitar with natural finish.
Polypodiaceae,9498 Surrey Point,Comfortable and reusable face masks in different styles.
Rosaceae,67943 Merrick Alley,Compact camp stove for outdoor cooking.
Asteraceae,3709 Hovde Junction,Small toolkit with essentials for home repairs.
Asteraceae,316 Prairie Rose Junction,Nutritious and quick-cooking red lentils.
Boraginaceae,21084 Eastwood Crossing,Frozen mix of colorful stir-fry veggies.
Hydrocharitaceae,963 Northview Center,Custom cutting board made from high-quality wood.
Anomodontaceae,231 Clemons Crossing,"Fresh zucchini, versatile for grilling or sautéing."
Isoetaceae,407 Mcguire Street,A comfortable sweatshirt featuring a bold graphic print.
Asteraceae,1636 3rd Hill,Delicious pasta shells filled with spinach and cheese
Polypodiaceae,951 Clemons Circle,A bright and zesty dressing perfect for salads and tacos.
Cuscutaceae,49 Green Ridge Pass,Ultrasonic essential oil diffuser with LED lights.
Orchidaceae,92076 Debs Plaza,Eco-friendly power bank that charges via sunlight.
Vitaceae,4964 Mendota Parkway,Delicious and tangy marinade for grilling or baking chicken.
Onagraceae,0 Sheridan Street,A calming blanket that provides gentle pressure for relaxation.
Linaceae,4361 Cherokee Drive,Refreshing sparkling water with lemon and lime flavor
Apiaceae,592 Mifflin Center,Frozen smoothie mix with bananas and peanut butter for a quick drink.
Cucurbitaceae,84 Bunting Drive,"A trendy fanny pack, perfect for hands-free outings."
Poaceae,6610 Drewry Street,A delicious tart filled with fresh raspberry filling.
Apocynaceae,44000 Swallow Crossing,A hearty mix of beans in a flavorful tomato broth.
Anacardiaceae,7908 Sycamore Lane,Salted sunflower seeds perfect for snacking.
Polygonaceae,7 Kensington Pass,Indoor Wi-Fi camera for home security.
Hydrophyllaceae,5 Northport Junction,"A mix of wild rice with herbs and spices, ready to serve."
Dryopteridaceae,260 Prairie Rose Avenue,"Nutritious protein bar with cherry and almond flavor, great for on-the-go."
Parmeliaceae,47602 Laurel Junction,"Chilled noodles dressed in sesame sauce, ready to eat."
Brassicaceae,240 Buell Junction,Fresh kale with Caesar dressing and croutons.
Poaceae,7477 Main Lane,Fluffy biscuits made without gluten
Apiaceae,36 Di Loreto Avenue,Sweet and nutty filling for delicious homemade pecan pie.
Fabaceae,087 David Place,A chic leather crossbody bag for everyday use.
Asteraceae,8501 Maryland Hill,Rich and creamy milk perfect for baking or desserts.
Poaceae,15700 Alpine Pass,Indoor putting green for practicing your putting skills.
Aspleniaceae,21 Jenifer Hill,Savory sausage links with a hint of maple flavor.
Marantaceae,1 Pearson Avenue,Personalized nameplate for offices or homes.
Cyperaceae,86 Utah Park,Comfortable harness designed to keep pets safe in the car.
Pottiaceae,550 Gale Trail,Non-stick utensils for safe and easy cooking.
Chenopodiaceae,1785 American Ash Pass,Light and breezy dress perfect for summer outings with a vibrant floral pattern.
Valerianaceae,25 6th Alley,A calming blanket that provides gentle pressure for relaxation.
Pteridaceae,3748 Glendale Lane,"Crisp and sweet Honeycrisp apples, freshly picked."
Orchidaceae,9672 Debra Plaza,"Frozen stir-fry mix with chicken, veggies, and teriyaki sauce."
Cyperaceae,3 Grover Way,"No-bake energy balls made with oats, chocolate chips, and honey."
Orchidaceae,4841 Commercial Alley,Cold pasta salad tossed with pesto and fresh vegetables.
Brassicaceae,81 Armistice Plaza,Delicate green tea leaves for a refreshing beverage.
Fabaceae,130 Arizona Place,Convenient charging stand for smartphones and devices.
Fabaceae,685 Cody Place,Deliciously rich brownies made with almond flour.
Pittosporaceae,2178 Southridge Circle,"Sweet and gooey cinnamon rolls, ready to bake."
Poaceae,4208 Mitchell Trail,"Yogurt with the flavors of coconut cream pie, nice and indulgent."
Rosaceae,1284 Coolidge Road,Programmable pet feeder for scheduled meals.
Rhamnaceae,604 Marquette Avenue,A versatile black dress that can be styled for any occasion.
Polemoniaceae,6 Carey Trail,DIY kit to make your own elderberry syrup.
Poaceae,0458 Dayton Road,Comfortable and stretchy legging pants perfect for workouts or daily wear.
Fabaceae,84 Amoth Terrace,Lantern that repels mosquitoes while providing light.
Rutaceae,23 Towne Center,"Crispy tortilla chips, perfect for dipping."
Teloschistaceae,00 Crescent Oaks Plaza,"Gluten-free tortillas made from almond flour, perfect for various wraps and meals."
Gesneriaceae,43 Kim Court,Rich and creamy chocolate fudge ice cream for dessert.
Poaceae,10 Bunker Hill Drive,A versatile black dress that can be styled for any occasion.
Poaceae,50988 Lunder Parkway,Smooth Greek yogurt infused with vanilla bean flavor.
Convolvulaceae,34682 Cordelia Place,"Fresh organic sweet potatoes, great for roasting or mashing."
Polygonaceae,9761 Northridge Terrace,Soft cookies made with almond butter
Pertusariaceae,4 Hoffman Terrace,Convenient magnetic jars for easy spice storage.
Cymodoceaceae,62 Clemons Road,Retro instant camera for capturing and printing photos instantly.
Acanthaceae,586 Lukken Avenue,A trendy cropped sweater perfect for a casual look.
Oleaceae,9 Alpine Plaza,"Ready-to-eat salad with kale, lemon, and cheese."
Solanaceae,3 Comanche Avenue,Sleek and protective sleeve for laptops and tablets.
Rhamnaceae,7722 Kinsman Alley,Cordless vacuum cleaner for quick clean-ups.
Trypetheliaceae,299 Jenifer Pass,Compact Bluetooth speaker with rich sound quality.
Orchidaceae,9 Mesta Way,"Soft pretzel bites, perfect for dipping in mustard or cheese sauce."
Zygophyllaceae,67676 Cottonwood Circle,"Synthetic crab meat sticks, great for salads and sushi."
Asteraceae,8 Calypso Way,Unique handcrafted utensils for cooking and serving.
Cyperaceae,076 Talmadge Street,"Delicious vegetable dumplings, perfect for steaming or frying."
Verrucariaceae,702 Stone Corner Terrace,A zesty seasoning for meats and vegetables
Acanthaceae,855 Eastwood Avenue,Automated stirring for your drinks with just a press of a button.
Salviniaceae,76 John Wall Terrace,Easy-to-make pancake mix with pumpkin spice flavor.
Myrtaceae,50 Vera Court,"A simple, no-bake cheesecake mix to create your own delicious cheesecake."
Fabaceae,53 Oxford Circle,Eco-friendly LED lights for festive decorations.
Asteraceae,74302 Maple Wood Pass,Mesh drying rack for preserving herbs and flowers.
Asteraceae,80483 Spaight Road,Lightweight yoga mat for practicing on the go.
Fabaceae,49 Sherman Street,3D model puzzle kit for creative builders.
Asteraceae,99233 Delladonna Trail,"Rich and creamy dressing with garlic flavor, perfect for salads."
Polygonaceae,1 Red Cloud Lane,Delicious maple-flavored oatmeal for a quick breakfast.
Brassicaceae,58 Marcy Plaza,Non-toxic traps for catching household pests safely.
Euphorbiaceae,9 Londonderry Avenue,"A comfortable crew neck sweater, great for all seasons."
Physciaceae,30 Blackbird Park,"Skillet that can fry, grill, and sauté with ease."
Fabaceae,20232 Kropf Street,Compact vacuum designed specifically for cleaning vehicles.
Poaceae,31467 Knutson Center,Stylish wine rack to store and display bottles.
Parmeliaceae,4225 Kenwood Terrace,Colorful LED strip lights for home decoration.
Myrtaceae,2 Green Ridge Pass,"Thin and crispy flatbreads, perfect for dips."
Fabaceae,1 Pennsylvania Avenue,Energy-efficient LED bulbs that can be controlled via smartphone.
Malvaceae,850 Brickson Park Terrace,No-bake protein balls with chocolate and coconut flavors.
Brassicaceae,5333 Memorial Drive,"Coffee blend infused with pumpkin spice, perfect for fall."
Scrophulariaceae,3 Union Hill,Large inflatable pool for summer fun in your backyard.
Asteraceae,29866 Cambridge Trail,Fun inflatable cooler to keep drinks cold at parties.
Asteraceae,86 Caliangt Hill,Magnetic puzzle assembly board for kids.
Thelypteridaceae,02 Sachs Pass,Essential tools for bike maintenance and repair.
Polygonaceae,0373 Basil Plaza,Sweetened powder for refreshing lemonade.
Campanulaceae,60 Messerschmidt Lane,Comfortable and stretchy legging pants perfect for workouts or daily wear.
Lamiaceae,8523 Lakeland Court,Portable mixer bottle for smoothies and protein shakes.
Fabaceae,0590 Loomis Hill,"Soft and warm corn tortillas, perfect for tacos and burritos."
Asteraceae,551 8th Drive,Delicious plant-based burger made with organic black beans and spices.
Fabaceae,23585 Doe Crossing Road,Comprehensive tool set for gardening enthusiasts.
Asteraceae,12 Boyd Drive,Delicious bacon with a rich applewood smoked flavor.
Lamiaceae,03735 Loomis Point,BPA-free sports bottle with flip-top lid.
Pteridaceae,8799 Melrose Pass,Lightweight and slim monitor ideal for dual-screen setups.
Apiaceae,46082 Westend Court,Quick boiling kettle for small kitchens and dorms.
Capparaceae,43686 Gateway Park,"Flavorful lentil soup, perfect for a quick meal."
Rutaceae,6 Bonner Avenue,"Fresh kale salad with a zesty lemon dressing, great as a side dish."
Hydrangeaceae,02 Bobwhite Avenue,Compact charcoal grill perfect for tailgating.
Hydrangeaceae,3 Arrowood Alley,Essential oil blends for a soothing atmosphere in your home.
Fabaceae,9 Waxwing Avenue,Vegetable spiralizer for healthy meals.
Uncertain Ascomycota Family,475 Fisk Road,Tool to check car engine codes and performance issues.
Dicranaceae,80902 Myrtle Trail,Crispy dill pickles that are perfect for snacking or sandwiches.
Oleaceae,62 South Road,Wheeled cooler for transporting drinks and snacks.
Liliaceae,9636 Linden Road,A meal kit featuring tender chicken with honey sesame sauce.
Apiaceae,13 Iowa Center,"Refreshing coconut water, perfect for hydration."
Cladoniaceae,32 Stone Corner Park,Inflatable air mattress for convenient sleeping.
Gesneriaceae,4608 Nancy Avenue,Set of decorative cushion covers for home decor.
Polygonaceae,28484 Mariners Cove Court,High-density foam roller for muscle recovery.
Portulacaceae,999 Arizona Avenue,Natural air purifiers to absorb odors and moisture.
Gentianaceae,03 Gulseth Place,"Assorted herbal teas, perfect for a warm and relaxing drink."
Asteraceae,986 Memorial Crossing,"A delightful mix of chocolate, coconut, and almonds in a snack bar."
Arthoniaceae,15 Nevada Road,Instant pressure cooker with multiple cooking settings.
Asteraceae,9 Talisman Court,A fitted ribbed knit dress that hugs your curves perfectly.
Polytrichaceae,746 Darwin Park,Soft hamburger buns made with whole grains.
Polemoniaceae,11 David Pass,Ergonomically designed pillow with breathable bamboo cover.
Physciaceae,31750 Hudson Place,Non-slip mat designed for yoga and fitness exercises.
Asteraceae,01 Fairfield Crossing,A zesty seasoning for meats and vegetables
Primulaceae,29069 Fuller Point,"Nutty flavored lentils, perfect for soups and salads."
Campanulaceae,060 Main Street,"Smart tailored dress pants, perfect for work or formal events."
Rhizocarpaceae,3 Jana Alley,Refreshing sparkling water infused with cranberry and lime flavors.
Asteraceae,928 Union Park,Lightweight and durable tent for camping trips.
Campanulaceae,804 Hooker Circle,"Rich in selenium, perfect for snacking or baking."
Caryophyllaceae,05 Cardinal Parkway,Comprehensive first aid kit for emergency situations.
Melastomataceae,5 Eagan Hill,A nutritious salad with quinoa and black beans
Plantaginaceae,09941 Heath Crossing,Bottle that allows you to infuse your water with fruits.
Solanaceae,5939 Loeprich Alley,Delicious muffins filled with apples and a hint of cinnamon for breakfast.
Malvaceae,087 Jay Plaza,Polarized sunglasses with UV protection.
Arecaceae,32 Graceland Court,Savory soup made with leeks and potatoes.
Liliaceae,434 Schurz Parkway,1080p wireless security camera with night vision.
Agavaceae,90 Autumn Leaf Terrace,Chocolate-covered candy bars with coconut and almonds.
Euphorbiaceae,6 Farragut Lane,Lightweight and durable tent for camping trips.
Poaceae,54720 Reinke Hill,"Spicy jalapenos stuffed with cheese, ideal for appetizers."
Polemoniaceae,9 Nobel Park,Creamy Greek yogurt infused with raspberry and vanilla flavors.
Arthoniaceae,15282 Ohio Parkway,Natural honey sourced from wildflowers.
Rosaceae,218 Armistice Alley,Water-resistant laptop backpack with multiple compartments.
Poaceae,26 Holy Cross Parkway,Comfortable camping mattress that inflates automatically.
Clusiaceae,12 Fulton Point,Spicy cornbread infused with jalapeños for a kick of flavor at your next meal.
Asteraceae,59 Larry Crossing,Solar-powered charger for smartphones and tablets.
Asteraceae,3957 Forster Plaza,"Light and crispy baked chips, a healthier snack option."
Chenopodiaceae,7 Becker Court,Wireless microphone for singing and performances.
Fabaceae,3 Maple Wood Place,Hearty chili made with premium ground beef and kidney beans.
Fabaceae,1 Rieder Junction,Crunchy seeds perfect for toppings and baking.
Liliaceae,8 Tony Parkway,A ready-to-eat salad made with chickpeas and veggies.
Myrtaceae,83 Northridge Drive,"Sweet and fruity peach preserves, perfect for spreading on toast."
Fabaceae,70 Monterey Hill,Rich vegetable stock for cooking soups and stews.
Asteraceae,3505 Eggendart Terrace,A feminine wrap top with a beautiful floral print.
Myrtaceae,4967 Debra Center,Portable folding table for outdoor events.
Rosaceae,5674 Fairview Place,"Crunchy pretzels coated in rich chocolate, a sweet treat."
Salicaceae,73 Talmadge Crossing,Supportive pillow designed for a good night's sleep.
Orchidaceae,684 Rutledge Hill,Flexible light strips for creative home decor.
Rubiaceae,36 Kennedy Crossing,Compact blender that comes with travel cups for smoothies.
Pteridaceae,5 Grim Trail,"Juicy meatballs made with a blend of beef and pork, seasoned with Italian herbs."
Poaceae,648 Mockingbird Avenue,Double-sided art easel for painting and drawing.
Teloschistaceae,767 Clemons Plaza,Spice blend for creating flavorful vegan taco filling.
Cyperaceae,17732 Little Fleur Circle,"Light and crispy chips made from quinoa, ideal for dipping."
Polemoniaceae,7445 Luster Plaza,Rich and flavorful tomato sauce for pasta or pizza.
Uncertain Ascomycota Family,02322 8th Avenue,Track your meals and nutrition with this handy food journal.
Fabaceae,638 Scofield Circle,Rechargeable water flosser for dental hygiene.
Erythroxylaceae,51629 Montana Way,Crispy apple chips drizzled with caramel for a sweet treat.
Asteraceae,2954 Beilfuss Avenue,"Unsweetened apple sauce, great for snacks or baking."
Liliaceae,99389 Kim Place,Marinated chicken breasts coated in a sweet honey mustard glaze.
Fabaceae,6198 Pennsylvania Parkway,Customizable window cover for light control and privacy.
Brachytheciaceae,52 Ridgeview Terrace,Comfortable kneeling pad for gardening or home projects.
Cyperaceae,972 Clarendon Way,Non-stick surface for easy cooking and cleaning.
Collemataceae,0281 Gerald Place,Sturdy camera tripod for professional photography.
Dennstaedtiaceae,605 Kenwood Park,"Deliciously crunchy sweet potato chips, seasoned to perfection."
Brassicaceae,44795 Warner Trail,Everything you need for maintaining a healthy beard.
Primulaceae,5 Maple Wood Terrace,"The perfect seafood snack, ready to eat and delicious."
Rosaceae,9 Darwin Street,Essential attachments for pressure washing.
Fabaceae,0897 Becker Terrace,"Savory, protein-rich beef jerky for on-the-go snacking."
Papaveraceae,082 Vahlen Circle,Nutritious bars packed with protein for energy
Hydrophyllaceae,4532 Fuller Alley,Tangy sweet chili sauce perfect for dipping or cooking.
Aceraceae,97735 Continental Avenue,Crispy dill pickles that are perfect for snacking or sandwiches.
Fabaceae,572 Cambridge Hill,True wireless earbuds with excellent sound quality.
Asteraceae,1210 Independence Avenue,"Flavorful lentil soup, perfect for a quick meal."
Chrysobalanaceae,8461 Nova Road,Comfortable trainers with mesh inserts for breathability.
Brassicaceae,509 Straubel Hill,Control appliances remotely using your smartphone.
Potamogetonaceae,8 Hintze Pass,Color-changing smart LED bulbs compatible with Alexa.
Boraginaceae,319 Eastlawn Plaza,Automated litter box that cleans itself after each use.
Violaceae,3188 Susan Point,Creamy hummus made with sweet peas and tahini.
Smilacaceae,30 Merry Way,"Crunchy, seasoned chickpeas for a wholesome snack."
Asteraceae,64793 Stuart Park,1080p wireless security camera with night vision.
Juglandaceae,686 Mallory Point,Rich and creamy smoked Gouda cheese perfect for snacking.
Juncaceae,14 Luster Park,Customizable window cover for light control and privacy.
Cistaceae,33 Jackson Plaza,7-in-1 multi-cooker for versatile cooking.
Rosaceae,9090 Eliot Center,"Gluten-free tortillas made from almond flour, perfect for various wraps and meals."
Brachytheciaceae,00404 Muir Crossing,A flowy maxi dress perfect for both casual and semi-formal occasions.
Brassicaceae,3 Schurz Point,"Freshly sliced cucumbers, great for salads or snacking."
Cistaceae,51747 Briar Crest Avenue,Manual pasta maker for creating fresh pasta at home.
Scrophulariaceae,0 Ridgeview Place,Lightweight tennis racket for beginners and advanced players.
Lamiaceae,94 Mitchell Place,Flavorful chicken wings marinated in a sweet teriyaki glaze.
Fabaceae,9 Novick Street,Create spiraled vegetable noodles easily for healthy meals.
Ericaceae,9876 Roth Center,Self-cleaning grooming brush for cats and dogs.
Simmondsiaceae,9 Larry Avenue,Planter with self-watering feature for easy plant care.
Lamiaceae,2 Magdeline Hill,Space-saving broom holder for organized cleaning supplies.
Asteraceae,5 Oneill Way,Assorted cloths for cleaning electronics and delicate surfaces.
Mycoblastaceae,8253 Lillian Hill,Marinated chicken thighs with smoked paprika for a smoky flavor.
Caryophyllaceae,6 Macpherson Way,"Sweet and chewy taffy flavored like caramel apples, great for fall."
Capparaceae,93 Chinook Plaza,"Delicious soft cookies, dairy-free and egg-free, perfect for treats."
Salicaceae,2353 Roxbury Drive,Eco-friendly mesh bags for shopping produce at the market.
Scrophulariaceae,1084 Bunting Crossing,"Creamy goat cheese infused with herbs and garlic, perfect for spreading on crackers."
Bryaceae,9 Stoughton Place,Foldable table for working with laptops anywhere.
Polypodiaceae,00869 Mariners Cove Court,Essential ingredient for baking fluffy cakes and pastries.
Bryaceae,80 Arizona Lane,"Elegant midi skirt with a wrap design, great for both formal and casual events."
Polygonaceae,2 Ronald Regan Way,Large electric griddle for family meals.
Crassulaceae,12404 Westridge Lane,Popcorn tossed with sweet or savory flavors for a tasty snack.
Cyperaceae,4 Graedel Circle,Ergonomically designed neck pillow for comfortable travel.
Liliaceae,373 Bunting Court,Charming frame to showcase your favorite photos.
Asteraceae,8340 Macpherson Circle,Love-themed molds for creating desserts and treats.
Malvaceae,544 Laurel Way,Delicious plant-based burger made with organic black beans and spices.
Lecanoraceae,865 Rutledge Park,"All-in-one meal kit including pasta, meatballs, and sauce for a quick dinner."
Porpidiaceae,876 Washington Terrace,Gourmet potato skins loaded with cheddar cheese and bacon.
Campanulaceae,32 Oxford Plaza,"Rich and creamy tomato basil soup, perfect with a grilled cheese."
Rosaceae,24510 Onsgard Parkway,"Savory, protein-rich beef jerky for on-the-go snacking."
Zingiberaceae,71 Ramsey Alley,"A blend of nuts, seeds, and spices for a healthy snack."
Liliaceae,9 Gateway Trail,Tender chicken coated in a sweet and savory honey garlic sauce.
Arthoniaceae,65130 Daystar Plaza,Frozen chicken wings with garlic parmesan sauce.
Fabaceae,3 Vernon Road,Comfortable wireless headphones designed for sleeping.
Euphorbiaceae,6 Knutson Trail,"A refreshing drink mix that combines sweet raspberries and tart lemons, perfect for summer."
Cyperaceae,72610 Walton Lane,"Crispy sweet potato fries, perfectly seasoned and baked to perfection."
Amaranthaceae,8927 Granby Lane,Savory sauce for vegetable and meat stir-fries.
Fabaceae,46851 Jenna Lane,Electric kettle that offers precise temperature settings.
Asteraceae,34321 High Crossing Avenue,"Fresh fruit salad, ready to eat and refreshing."
Acanthaceae,294 Continental Hill,Ergonomic wireless controller for gaming consoles.
Scrophulariaceae,9133 Fulton Court,"A mix of strawberries, blueberries, and raspberries, perfect for smoothies."
Poaceae,7 Elgar Point,Portable mixer bottle for smoothies and protein shakes.
Ericaceae,5 Bultman Court,Comfortable and breathable backpack for carrying small pets.
Gleicheniaceae,9584 Fuller Place,"Juicy meatballs made with a blend of beef and pork, seasoned with Italian herbs."
Apiaceae,43 Bluestem Place,Lightweight hair dryer with multiple speed settings.
Fabaceae,3 Union Plaza,Gourmet potato skins loaded with cheddar cheese and bacon.
Cyperaceae,8 Westport Junction,Water bottle that tracks hydration levels and adds electrolytes.
Ranunculaceae,43 Farwell Plaza,Creamy mashed sweet potatoes with a hint of cinnamon.
Potamogetonaceae,678 Blaine Way,Lint roller designed specifically for removing pet hair from furniture.
Hymenophyllaceae,56135 Golden Leaf Crossing,Compact blender that comes with travel cups for smoothies.
Orchidaceae,6 Pankratz Crossing,"Frozen falafel balls made from chickpeas and herbs, perfect for quick meals or salads."
Fabaceae,86358 Mosinee Court,Versatile electric skillet for stir-frying and searing.
Liliaceae,08577 Harper Alley,A mix of tropical fruits for a refreshing snack or dessert.
Cyperaceae,6 Clyde Gallagher Alley,Twisted pasta perfect for salads and pasta dishes.
Orchidaceae,56 Union Road,Instant noodles with a spicy Thai sauce for quick meals.
Chenopodiaceae,81045 Mendota Place,"Refreshing dressing made with avocado and lime, perfect for salads."
Rhamnaceae,721 Mandrake Park,"A frozen meal featuring quinoa and mixed vegetables, ready to heat and eat."
Aquifoliaceae,316 Manley Avenue,Mesh drying rack for preserving herbs and flowers.
Boraginaceae,7176 Hermina Hill,Sweet and tangy balsamic reduction for drizzling.
Brassicaceae,95596 Washington Junction,"Deliciously creamy spinach dip, perfect for parties."
Lamiaceae,52 Superior Drive,Frozen smoothie mix with bananas and peanut butter for a quick drink.
Isoetaceae,4 Kennedy Drive,Chocolate coconut protein bars inspired by the classic candy bar.
Euphorbiaceae,7164 Manitowish Trail,"Classic A-line skirt that flatters every figure, perfect for work or play."
Liliaceae,32 Red Cloud Center,Set of baking sheets for effortless baking.
Tiliaceae,44457 Kenwood Road,Unsweetened coconut flakes for baking and topping.
Rubiaceae,51946 Jenifer Way,Comfortable pet bed for small to medium-sized dogs.
Bartramiaceae,30675 Knutson Place,Frozen mini meatballs that are great as a snack or in pasta dishes.
Convolvulaceae,57095 Myrtle Point,Reusable mat that prevents food from sticking to the grill.
Asteraceae,4805 Fordem Crossing,Rich and creamy pudding made with ripe avocados and cocoa.
Saxifragaceae,80 Anniversary Center,"Crispy chips made from taro root, a wonderful snack."
Rubiaceae,264 Dryden Drive,Scented bath salts for relaxation and self-care.
Cactaceae,60 Division Pass,Compact blender for quick smoothies and shakes.
Poaceae,70 Barnett Circle,Compact pocket tool with various built-in functions.
Onagraceae,55 Homewood Drive,Complete kit for emergency situations including food and water.
Scrophulariaceae,0798 Stang Circle,Warm oatmeal flavored with apple and cinnamon.
Campanulaceae,2347 Messerschmidt Circle,Quick-cooking ramen noodles made with organic wheat.
Uncertain Ascomycota Family,4153 Rusk Center,"Creamy goat cheese infused with herbs and garlic, perfect for spreading on crackers."
Polygonaceae,75 Sutherland Street,Relax and soothe tired feet with this foot spa.
Ranunculaceae,07622 Superior Alley,Complete kit for crafting your own scented soaps.
Gentianaceae,03017 Nova Park,Protects car interior from sun damage and heat.
Hydrangeaceae,615 Reindahl Place,Lantern that repels mosquitoes while providing light.
Poaceae,6 Hermina Place,Effective brush for removing loose hair from pets.
Araliaceae,6730 Waxwing Pass,Complete set of gardening tools for all your needs.
Fabaceae,2847 Westport Circle,Modern LED table lamp with touch control.
Poaceae,0100 Miller Circle,Space-saving colander for rinsing fruits and vegetables.
Cucurbitaceae,83 Bonner Way,Delicious apple sauce with a hint of cinnamon
Lecanoraceae,75 Del Mar Plaza,"Water-resistant jacket ideal for outdoor activities, featuring a packable design."
Commelinaceae,33615 Sachtjen Drive,A colorful printed maxi skirt for a bohemian look.
Fabaceae,5 Oxford Point,Essential attachments for pressure washing.
Peltigeraceae,45 Barby Street,Classic chino shorts in a versatile color for summer adventures.
Asteraceae,8306 Brentwood Avenue,Crispy chickpeas roasted with honey for a sweet and satisfying snack.
Dryopteridaceae,4044 Bellgrove Court,Delicious cookies with cranberries and almonds in every bite.
Moraceae,94 Alpine Way,Savory sauce perfect for pasta or dipping.
Sapindaceae,6596 Linden Alley,"Rich and creamy dip made with real avocado, great for chips."
Liliaceae,7516 Shoshone Street,Comfortable harness designed to keep pets safe in the car.
Rubiaceae,230 Katie Trail,"Ready-to-eat salad with kale, lemon, and cheese."
Solanaceae,8607 Caliangt Terrace,Instant-read thermometer for accurate cooking temperatures.
Aristolochiaceae,72 Riverside Trail,Stylish tote to keep wine bottles chilled while traveling.
Asteraceae,39978 Sycamore Circle,Savory quiche loaded with spinach and cheese.
Polygonaceae,41400 Beilfuss Pass,Comprehensive camera and alert system for home security.
Ranunculaceae,3465 Northland Pass,Sweet and tangy mango chutney for a flavorful dip.
Asteraceae,7241 Eliot Junction,Portable rechargeable warmer for cold days.
Buddlejaceae,3128 Dexter Trail,Fun inflatable cooler to keep drinks cold at parties.
Asteraceae,9123 Warrior Junction,A creamy and tangy dressing perfect for salads or as a dipping sauce.
Brassicaceae,05 Glendale Center,Classic V-neck sweater crafted from soft wool for warmth and style.
Liliaceae,1868 Evergreen Terrace,Wax warmer for creating a soothing atmosphere with fragrances.
Anacardiaceae,629 Packers Place,Fun inflatable cooler to keep drinks cold at parties.
Orchidaceae,656 Rockefeller Alley,Rich chocolate syrup for ice cream or beverages.
Juncaceae,177 Norway Maple Center,Weighted jump rope that counts jumps and calories burned.
Violaceae,52259 Golf Course Junction,Finely ground almonds for baking or cooking
Lecanoraceae,7 Lakeland Way,Portable folding table for outdoor events.
Lythraceae,58 Gulseth Hill,"Whole wheat wraps filled with spinach, feta, and herbs."
Teloschistaceae,33 Talmadge Drive,Creamy Greek yogurt infused with raspberry and vanilla flavors.
Apocynaceae,46955 Sage Plaza,Rechargeable electric wine opener for effortless uncorking.
Fabaceae,2973 Memorial Place,Moist and flavorful muffins packed with fall spices and pumpkin puree.
Lamiaceae,9 Fulton Park,"Light and fluffy cream cheese, perfect for bagels or cooking."
Sterculiaceae,3 Graceland Street,"Ready-to-eat salad with kale, lemon, and cheese."
Buddlejaceae,4 Gina Point,"Ready-to-eat salad with kale, lemon, and cheese."
Lentibulariaceae,1 Sutherland Way,Hanging bird feeder for backyard birds.
Fabaceae,159 Elmside Crossing,Rechargeable LED lantern ideal for camping and outdoor activities.
Asteraceae,04272 Veith Junction,Ziti pasta baked with marinara and parmesan cheese
Convolvulaceae,1 Carpenter Court,Advanced wristband that tracks daily activities and sleep.
Rosaceae,05 Bultman Center,Just add water for a hearty cheese and broccoli soup in minutes.
Campanulaceae,0513 Eliot Road,Comfortable carrier for small pets during travel.
Dryopteridaceae,449 Weeping Birch Park,No-bake protein balls with chocolate and coconut flavors.
Sematophyllaceae,64120 Declaration Circle,Padded laptop sleeve for protection against scratches.
Pinaceae,84570 Ohio Point,Insulated water bottle for keeping drinks cold.
Clusiaceae,638 Red Cloud Way,"A light and tangy dressing with poppy seeds, perfect for salads."
Nyctaginaceae,85606 Columbus Pass,Stylish bookends to keep books organized on shelves.
Caryophyllaceae,13 Swallow Avenue,"Decadent brownies made without gluten, rich and chocolatey."
Orchidaceae,7752 Artisan Way,Comfortable wireless headphones designed for sleeping.
Pteridaceae,06 Golden Leaf Circle,"Fresh fruit salad, ready to eat and refreshing."
Leucodontaceae,444 Schurz Lane,Durable tarp for outdoor camping and protection.
Scrophulariaceae,6241 Clyde Gallagher Road,Tangy salsa made from tomatillos and peppers.
Poaceae,93 Crowley Terrace,"Fresh fruit salad, ready to eat and refreshing."
Violaceae,1 Mesta Pass,High-quality headphones that block out external noise for immersive listening.
Urticaceae,94412 Oak Circle,A rich curry paste for making authentic Thai green curry at home.
Orchidaceae,71 Almo Street,Crunchy granola full of peanut butter flavor and oats.
Lamiaceae,85 American Center,A refreshing salad made with quinoa and seasonal veggies.
Iridaceae,00 Fallview Trail,Decadent tart made with rich dark chocolate.
Thelotremataceae,5220 Harper Road,Wi-Fi enabled thermostat for energy-saving temperature control.
Apocynaceae,3 Vidon Junction,Stylish wall art to enhance home decor.
Rosaceae,77608 Chinook Road,Reusable whiteboard for notes and reminders with magnetic backing.
Zosteraceae,1 Scofield Parkway,Delicious mini donuts dusted with cinnamon sugar.
Poaceae,5 Parkside Place,Stylish wall art to enhance home decor.
Vittariaceae,18926 Paget Pass,Plant-based sausage links with spices and herbs.
Sapindaceae,64 Amoth Terrace,Spicy buffalo sauce ideal for wings or dipping.
Polygonaceae,3 Upham Place,Compact waffle maker for perfect small waffles.
Thelypteridaceae,38 Manitowish Avenue,Sweet corn roasted to perfection for a delightful side.
Papaveraceae,24265 Meadow Valley Point,Colorful and child-friendly gardening tools for little hands.
Isoetaceae,44 Maywood Trail,Fun instruments to introduce kids to music.
Brassicaceae,9613 Springview Trail,"A mix of fresh raspberries, blueberries, and blackberries."
Equisetaceae,9 Clarendon Circle,Unsweetened coconut flakes for baking and snacking.
Scrophulariaceae,588 Summerview Junction,Sweet corn roasted to perfection for a delightful side.
Asteraceae,083 Forest Hill,"Chilled noodles dressed in sesame sauce, ready to eat."
Asteraceae,9793 Oak Junction,A ready-to-eat salad made with chickpeas and veggies.
Fabaceae,6723 Vernon Lane,Eco-friendly utensil set made from natural wood.
Marantaceae,2408 Lawn Point,Reusable straws that come with a cleaning brush.
Cyperaceae,2 Milwaukee Junction,Durable non-stick frying pan for easy cooking and cleaning.
Asteraceae,255 Hooker Crossing,Frozen mix for quick berry smoothies.
Scrophulariaceae,52 Sullivan Court,Compact knife with safety lock for everyday use.
Sarraceniaceae,1111 Washington Point,Tidy storage solution for rechargeable batteries.
Malvaceae,5715 Ryan Point,"A natural sweetener made from coconut sap, a healthier alternative to sugar."
Physciaceae,8 Cordelia Park,Spicy salsa made with black beans and tomatoes.
Convolvulaceae,7633 Kim Terrace,Complete set of gardening tools for all your needs.
Limnanthaceae,41 Hagan Trail,Mild cheese great for sandwiches.
Campanulaceae,596 Cherokee Pass,Stream HD video wirelessly from devices to TV.
Rosaceae,9 Division Way,"Blend of cheddar and mozzarella cheese, great for recipes."
Poaceae,38407 Barby Place,Fresh and crunchy baby carrots ready for snacking.
Cladoniaceae,7 Cambridge Point,"Versatile air fryer that also roasts, bakes, and broils."
Apiaceae,8190 Ridgeview Circle,Control lights remotely with this smart switch.
Asteraceae,612 Bayside Crossing,"A fluffy pancake mix infused with maple and pecans, perfect for a hearty breakfast."
Collemataceae,6 Gateway Parkway,Crispy cauliflower bites tossed in spicy buffalo sauce.
Stereocaulaceae,08733 Washington Park,Sweet and crunchy roasted almonds.
Boraginaceae,45 Clyde Gallagher Terrace,A meal kit featuring tender chicken with honey sesame sauce.
Apiaceae,18 Gulseth Point,Durable jump rope for cardio workouts.
Polemoniaceae,9 Prairie Rose Point,A meal kit featuring tender chicken with honey sesame sauce.
Rosaceae,182 Veith Street,Small fridge designed to keep skincare products cool and fresh.
Fabaceae,71 Clove Park,"Creamy chickpea dip, perfect for veggies or pita."
Dennstaedtiaceae,63241 Dryden Lane,Complete cleaning kit for camera lenses.
Liliaceae,534 Red Cloud Street,Ultrasonic essential oil diffuser with LED lights.
Onagraceae,6 Transport Hill,Comfortable and adjustable harness for dogs.
Acarosporaceae,0 Nelson Place,"Deliciously smoked salmon, great for bagels."
Cyperaceae,389 Lillian Circle,"Fragrant jasmine rice, perfect as a side dish."
Chenopodiaceae,70525 Beilfuss Park,Set of decorative pillow covers to enhance your home decor.
Liliaceae,90303 West Center,Flour tortilla filled with cheese and a medley of vegetables.
Asteraceae,1 Banding Way,Durable high-top leather boots for the stylish adventurer.
Poaceae,4 Messerschmidt Plaza,Assorted nail polish set for vibrant nails.
Cucurbitaceae,15 Vermont Court,Compact Bluetooth speaker with rich sound quality.
Vitaceae,33 8th Park,Fresh eggs from free-range chickens.
Fabaceae,2587 Main Pass,Crunchy granola with raisins and cinnamon for a delightful breakfast.
Heliconiaceae,1892 Lakewood Circle,Colorful tapestry to add charm to any room.
Scrophulariaceae,8 Carey Place,A mix of brined Mediterranean olives for snacking.
Polemoniaceae,4 Bowman Court,"Fruits dipped in rich chocolate, perfect for desserts."
Umbilicariaceae,618 Memorial Center,Space-saving crates for easy organization at home or while traveling.
Asteraceae,9 Russell Street,Customizable window cover for light control and privacy.
Polygonaceae,8 Everett Avenue,"Trendy high-low tee with a relaxed fit, ideal for weekends."
Pteridaceae,69 Fairview Junction,Rich and buttery mashed potatoes with roasted garlic.
Fabaceae,222 Lien Trail,Savory soup made with leeks and potatoes.
Fabaceae,62 Homewood Crossing,A flavorful rice side dish seasoned with herbs and spices.
Sapotaceae,05830 Thierer Plaza,Delicious recipes focusing on plant-based ingredients.
Polygonaceae,9 Nobel Lane,Cordless electric knife for effortless slicing.
Bryaceae,2 Hoepker Place,"Stylish two-tone windbreaker, perfect for active days."
Asteraceae,10 Sycamore Crossing,"Quick-cooking couscous, great as a side or base."
Asclepiadaceae,5621 Mayfield Terrace,"Creamy and rich vanilla ice cream, a classic dessert."
Asteraceae,106 Cordelia Pass,Protective case for wireless earbuds.
Asteraceae,74 Continental Alley,"Creamy cheese with a spicy kick, perfect for sandwiches."
Parmeliaceae,1 Northland Terrace,Eco-friendly trash bags that break down naturally.
Thelenellaceae,495 Corscot Terrace,Water bottle designed to infuse flavors from fruits.
Poaceae,45430 2nd Alley,Assorted collection of herbal teas for relaxation and wellness.
Euphorbiaceae,11 Springview Way,Fresh and juicy cherry tomatoes for salads and snacking.
Fabaceae,5 Fieldstone Way,"Frozen chicken bites coated in a honey sriracha glaze, spicy and sweet."
Lamiaceae,9 Texas Plaza,Charge multiple devices with this sleek charging station.
Fabaceae,4 Twin Pines Court,Adjustable weighted jump rope for workouts.
Asteraceae,3862 Evergreen Park,Inflatable air mattress for convenient sleeping.
Collemataceae,1 Scofield Parkway,"Rich coconut milk, great for cooking and baking."
Santalaceae,1 Truax Junction,Finely ground flour from dried coconut meat.
Liliaceae,94 Bartillon Terrace,"Healthy, crunchy kale chips, a nutritious snack."
Amblystegiaceae,841 Debra Terrace,A cozy long cardigan designed for layering in any season.
Fabaceae,567 Spohn Road,"Creamy and delicious soup made with real butternut squash, ready to heat."
Juncaceae,86 Nobel Way,Refreshing dessert bars made with pineapple and coconut.
Asteraceae,7 Susan Hill,Chewy snack bars with coconut and almonds coated in chocolate.
Moraceae,8 Di Loreto Street,Comfortable and reusable face masks in different styles.
Asteraceae,9 Graceland Place,"Ready-to-eat salad with kale, lemon, and cheese."
Verrucariaceae,98 Waywood Alley,Compact and portable projector for watching videos anywhere.
Dryopteridaceae,16 Spohn Crossing,Lightweight and portable chair for camping or events.
Asteraceae,8534 Commercial Terrace,A smoky blend of spices for grilling and roasting.
Polemoniaceae,479 Hanson Circle,Multiple USB ports for charging devices simultaneously.
Asteraceae,8 Karstens Court,"A zesty salsa made from ripe avocados, tomatoes, onions, and jalapeños, great for dipping or topping."
Fabaceae,40083 Evergreen Drive,A sweet and tangy vinaigrette dressing for salads.
Roccellaceae,00 Atwood Street,Portable case to organize and protect jewelry on trips.
Cyperaceae,3 Armistice Park,Compact food processor for quick meal prep.
Apiaceae,6 Sage Street,Quick and easy way to remove wrinkles from clothes.
Fagaceae,7622 Comanche Point,Nutritious and hearty pasta made from whole wheat flour.
Poaceae,20 Summerview Plaza,"A hearty soup made with lentils, a variety of vegetables, and spices, ideal for a nutritious meal."
Poaceae,65333 Pleasure Avenue,"Marinated chicken skewers with lemon and dill flavor, grilled to perfection."
Fabaceae,23649 Novick Lane,Elegant glass teapot for brewing loose tea.
Loasaceae,08 Scofield Place,"Firm tofu, a great plant-based protein option."
Polemoniaceae,42 Talmadge Crossing,Automatic can opener for easy meal prep.
Poaceae,06 Eagan Park,Reusable straws that come with a cleaning brush.
Grimmiaceae,243 Dryden Terrace,Gentle brush for removing loose fur from pets.
Agavaceae,01 Homewood Drive,Durable ceramic bakeware for casseroles and desserts.
Fabaceae,6390 Caliangt Junction,Therapeutic weighted blanket for better sleep.
Boraginaceae,73075 Sycamore Court,Roasted chickpeas seasoned for a crunchy snack.
Papaveraceae,218 Fairview Terrace,"Creamy yogurt made from coconut milk, dairy-free and delicious."
Scrophulariaceae,1 Nobel Terrace,Convenient charging pad for wireless charging in vehicles.
Asteraceae,1031 Starling Drive,"Farm fresh eggs, essential for breakfast."
Arecaceae,25273 Esker Crossing,"A hearty soup made with lentils, coconut milk, and a blend of spices for a tropical flavor."
Vittariaceae,31 Manufacturers Parkway,Beginner telescope for stargazing and exploring.
Fabaceae,39120 Arizona Way,Large stir fry pan with non-stick surface.
Asteraceae,51442 Dryden Parkway,"Continuous stream of fresh water for pets, promoting hydration."
Orchidaceae,9444 Farragut Pass,"Versatile air fryer that also roasts, bakes, and broils."
Moraceae,35 Trailsway Junction,Fun decorations for Halloween to set a spooky atmosphere.
Rhamnaceae,681 Bay Circle,Luxurious satin slip dress for an elegant evening look.
Polemoniaceae,96 Milwaukee Hill,"Chic suede ankle booties, perfect for dressing up or down."
Loganiaceae,17 Bluestem Park,Manual blender for smoothies and mixing ingredients on the go.
Orchidaceae,22 Fordem Way,Soft oatmeal cookies with maple and pecans.
Callicostaceae,2077 Leroy Place,Savory quiche loaded with spinach and cheese.
Malvaceae,41934 Northview Terrace,"Nutrient-rich broccoli, easy to add to any meal."
Fabaceae,094 Erie Trail,"Crunchy granola mixed with maple syrup and cinnamon, perfect for breakfast or snacks."
Urticaceae,565 Towne Lane,Set for making fondue at home.
Fabaceae,17265 Carpenter Court,Lightweight leaf blower for maintaining outdoor spaces.
Juncaceae,0 Macpherson Court,"Shrimp marinated in a honey garlic sauce, ready to cook."
Rosaceae,540 Harper Park,Healthy chia pudding made with mango and coconut milk.
Scouleriaceae,5 Laurel Circle,"Cold-pressed coconut oil, perfect for cooking, baking, or skin care."
Orchidaceae,14290 Anderson Terrace,Chocolate coconut protein bars inspired by the classic candy bar.
Fabaceae,89268 Birchwood Road,Rechargeable LED lantern ideal for camping and outdoor activities.
Catillariaceae,3 Pawling Avenue,A smoky blend of spices for grilling and roasting.
Poaceae,87665 Stuart Point,Soft throw blanket for cozy home decor.
Hydrophyllaceae,850 Harper Hill,Flavorful chicken wings marinated in a sweet teriyaki glaze.
Fabaceae,989 Bunting Court,Wireless microphone for singing and performances.
Scrophulariaceae,11622 New Castle Alley,Illuminated vanity mirror with adjustable brightness settings.
Cyperaceae,509 Cottonwood Place,"Wide egg noodles, perfect for casseroles and soups."
Fabaceae,0299 Banding Park,Fiery hot sauce made with fresh habaneros and spices.
Schisandraceae,9 Amoth Alley,Grow herbs indoors with this easy-to-use hydroponic garden system.
Saxifragaceae,83215 Elgar Court,Stylish case with magnetic closure for smartphones.
Styracaceae,981 Corben Junction,Fun fridge magnets to decorate your kitchen.
Polemoniaceae,11480 Dapin Way,Handheld sprayer designed for washing pets easily.
Rosaceae,272 Jackson Park,Frozen mango chunks for smoothies or snacking.
Meliaceae,4 Jenna Point,Manual blender for smoothies and mixing ingredients on the go.
Haloragaceae,590 Pawling Crossing,Stylish and spacious case for makeup and beauty products.
Asteraceae,94 Sachs Hill,Compact electric scooter for commuting and short trips.
Fabaceae,4 Leroy Trail,Stainless steel travel mug with spill-proof lid.
Roccellaceae,8652 David Point,"Chic suede ankle booties, perfect for dressing up or down."
Caprifoliaceae,748 American Ash Crossing,1080p HD video camera with night vision.
Pottiaceae,6485 Maple Wood Court,Notepad made from recycled paper for sustainable note-taking.
Juncaceae,8251 Banding Court,Compact coffee grinder for fresh ground coffee beans.
Crassulaceae,181 Hermina Drive,"Juicy and tender beef sirloin steak, grass-fed."
Asteraceae,0 Kenwood Place,"Crispy on the outside, tender on the inside, perfect for stir-fries or salads."
Amblystegiaceae,8922 Delladonna Drive,Comfy pet bed with washable cover for easy cleaning.
Asteraceae,2 Corscot Way,Sanitary holder that ensures your toothbrush stays clean.
Parkeriaceae,36746 Fairfield Lane,"A rich marinade perfect for meats and vegetables, infused with Italian herbs and balsamic vinegar."
Bartramiaceae,8 Duke Circle,Water bottle designed to infuse flavors from fruits.
Scrophulariaceae,23 Atwood Way,Mix to create a delicious chia seed pudding in just a few minutes.
Thymelaeaceae,07 Division Terrace,Fashionable wide-leg trousers for a chic silhouette.
Caryophyllaceae,42 Coleman Park,"A nutritious quinoa salad with veggies and dressing, ready-to-eat."
Caryophyllaceae,8616 Eastwood Way,"Roasted pistachios, a healthy and tasty snack."
Cucurbitaceae,5 Dunning Park,"Crisp and sweet Honeycrisp apples, freshly picked."
Polytrichaceae,86251 Shelley Terrace,Challenging puzzle game set for family entertainment.
Violaceae,16 Calypso Center,Elegant chiffon blouse perfect for work or outings.
Pandanaceae,3901 Warbler Parkway,A gluten-free pizza crust made from cauliflower.
Scrophulariaceae,73888 Larry Road,Personalized wooden puzzles for children that encourage learning.
Fumariaceae,3984 Schiller Place,"Durable canvas tote bag, perfect for everyday use."
Asteraceae,3 Melvin Way,A delicious chicken dish featuring honey and sesame flavors.
Bacidiaceae,3202 Brown Lane,Compact blender for quick smoothies and shakes.
Poaceae,47645 Anniversary Hill,Everything you need to make melt-in-your-mouth cinnamon rolls at home.
Orchidaceae,12877 Cardinal Crossing,Crispy and delicious biscotti flavored with cranberry and almond.
Lemnaceae,44525 Debra Trail,"A healthy oil extracted from avocados, ideal for frying and salads."
Roccellaceae,910 Little Fleur Junction,"A blend of nuts, seeds, and spices for a healthy snack."
Fabaceae,20 Brickson Park Road,Eco-friendly bamboo cutting boards in various sizes.
Hydrophyllaceae,06 Lawn Trail,"Fresh thyme, perfect for seasoning dishes."
Podocarpaceae,7 Nova Way,Fun and colorful wall decals for children's rooms.
Fabaceae,2 Pleasure Road,Instant noodles with a spicy Thai sauce for quick meals.
Dryopteridaceae,7 Stone Corner Road,"Compact towels that expand when wet, ideal for travel."
Dryopteridaceae,7137 Vahlen Point,"Refreshing and tangy fermented tea, available in various flavors."
Oleaceae,525 High Crossing Court,Powerful hand blender for soups and smoothies.
Zingiberaceae,32 Hovde Pass,"Creamy mashed sweet potatoes, ready to heat and serve."
Polygonaceae,4840 Sachs Drive,Indoor Wi-Fi camera for home security.
Arecaceae,2985 Meadow Vale Court,"Organic rolled oats, great for breakfast or baking."
Grossulariaceae,38 Stuart Alley,Color-changing smart LED bulbs compatible with Alexa.
Asteraceae,30 Golf Course Alley,"Rich and flavorful chicken broth, great for soups."
Fabaceae,64 Springview Parkway,Bluetooth thermometer that alerts you when your meat is done.
Hymenophyllaceae,62633 Hoffman Junction,"Sliced black olives, perfect for salads and pizzas."
Rosaceae,48631 Lukken Road,A convenient meal kit for making a delicious beef taco skillet at home.
Agavaceae,76 Drewry Junction,A luxurious faux fur coat that adds glamour to any outfit.
Rubiaceae,8 Bay Court,Spreadable cream cheese with garlic and herbs.
Fabaceae,3799 Buell Lane,"Extra virgin olive oil, ideal for cooking and salads."
Campanulaceae,0 Rieder Park,Lightweight hammock for easy setup anywhere.
Pottiaceae,6489 Chive Crossing,Easy-to-make falafel mix for a tasty vegetarian meal.
Opegraphaceae,9 Maryland Way,"Pre-seasoned beef mix for delicious tacos, just heat and serve."
Poaceae,65 Bowman Alley,Convenient belt with pockets for easy access to tools while gardening.
