nom_orga,nom_event,idE,date_event,lien_externe
Eastern Cottonwood,BenQ,435,2019-10-30,https://eventlink.com/Eastern_Cottonwood/BenQ
Trazodone Hydrochloride,BLU,147,2019-02-28,https://eventlink.com/Trazodone_Hydrochloride/BLU
Metronidazole,Pantech,443,2022-12-18,https://eventlink.com/Metronidazole/Pantech
cold and flu relief,Sony,682,2024-04-11,https://eventlink.com/cold_and_flu_relief/Sony
NARS FOUNDATION,BlackBerry,341,2022-08-23,https://eventlink.com/NARS_FOUNDATION/BlackBerry
Antabuse,Maxwest,139,2022-11-29,https://eventlink.com/Antabuse/Maxwest
Aspirin,Spice,371,2022-03-07,https://eventlink.com/Aspirin/Spice
Megestrol Acetate,alcatel,601,2020-06-19,https://eventlink.com/Megestrol_Acetate/alcatel
DNA,Allview,700,2024-01-12,https://eventlink.com/DNA/Allview
Leader Severe Cold and Flu,Micromax,479,2019-02-27,https://eventlink.com/Leader_Severe_Cold_and_Flu/Micromax
Duloxetine,verykool,685,2023-09-23,https://eventlink.com/Duloxetine/verykool
Guanfacine Hydrochloride,Samsung,446,2023-05-07,https://eventlink.com/Guanfacine_Hydrochloride/Samsung
Stage Fright - Fear,Oppo,652,2021-03-17,https://eventlink.com/Stage_Fright_-_Fear/Oppo
Mirtazapine,LG,104,2019-11-27,https://eventlink.com/Mirtazapine/LG
Olanzapine,ZTE,529,2025-03-08,https://eventlink.com/Olanzapine/ZTE
LAMOTRIGINE,Samsung,563,2022-01-30,https://eventlink.com/LAMOTRIGINE/Samsung
Amlodipine Besylate,Motorola,73,2020-06-17,https://eventlink.com/Amlodipine_Besylate/Motorola
MKMen Advanced Facial Hydrator Sunscreen SPF 30,Motorola,594,2019-05-28,https://eventlink.com/MKMen_Advanced_Facial_Hydrator_Sunscreen_SPF_30/Motorola
Methocarbamol,Amazon,108,2019-04-06,https://eventlink.com/Methocarbamol/Amazon
Donnatal,LG,278,2019-02-19,https://eventlink.com/Donnatal/LG
Ladies Speed Stick,Infinix,473,2024-07-18,https://eventlink.com/Ladies_Speed_Stick/Infinix
Povidone Iodine Prep Pad,Honor,495,2019-12-19,https://eventlink.com/Povidone_Iodine_Prep_Pad/Honor
Good Care Sterile Scrub Brush with PCMX,Nokia,416,2024-03-09,https://eventlink.com/Good_Care_Sterile_Scrub_Brush_with_PCMX/Nokia
ck one 3-in-1 face makeup,Plum,201,2021-12-01,https://eventlink.com/ck_one_3-in-1_face_makeup/Plum
hemorrhoidal,Acer,669,2022-10-15,https://eventlink.com/hemorrhoidal/Acer
Digoxin,Sony,157,2021-11-12,https://eventlink.com/Digoxin/Sony
BEEVENOM ESSENCE,Asus,542,2024-02-22,https://eventlink.com/BEEVENOM_ESSENCE/Asus
Clonidine Hydrochloride,Siemens,451,2022-07-08,https://eventlink.com/Clonidine_Hydrochloride/Siemens
Cefazolin,Energizer,501,2023-01-08,https://eventlink.com/Cefazolin/Energizer
CENTER-AL - LOLIUM PERENNE POLLEN,Motorola,668,2023-01-24,https://eventlink.com/CENTER-AL_-_LOLIUM_PERENNE_POLLEN/Motorola
FUSARIUM OXYSPORUM VASINFECTUM,LG,449,2024-03-04,https://eventlink.com/FUSARIUM_OXYSPORUM_VASINFECTUM/LG
Effexor,Acer,249,2024-08-28,https://eventlink.com/Effexor/Acer
Idole Natural Organic,Energizer,643,2020-10-25,https://eventlink.com/Idole_Natural_Organic/Energizer
Carvedilol,Karbonn,245,2023-07-20,https://eventlink.com/Carvedilol/Karbonn
Sarna,alcatel,80,2020-12-29,https://eventlink.com/Sarna/alcatel
MIRTAZAPINE,Micromax,25,2025-02-24,https://eventlink.com/MIRTAZAPINE/Micromax
Astelin,NEC,195,2019-11-17,https://eventlink.com/Astelin/NEC
NAPROXEN SODIUM,QMobile,271,2020-03-02,https://eventlink.com/NAPROXEN_SODIUM/QMobile
CYCLOBENZAPRINE HYDROCHLORIDE,Oppo,406,2025-04-25,https://eventlink.com/CYCLOBENZAPRINE_HYDROCHLORIDE/Oppo
DIFFERIN,Siemens,395,2021-12-11,https://eventlink.com/DIFFERIN/Siemens
Oxygen,LG,301,2024-05-14,https://eventlink.com/Oxygen/LG
Nitrogen,Ulefone,271,2021-10-01,https://eventlink.com/Nitrogen/Ulefone
PAROXETINE,Honor,165,2023-10-18,https://eventlink.com/PAROXETINE/Honor
Academy Continuous Sport,Lava,339,2020-06-30,https://eventlink.com/Academy_Continuous_Sport/Lava
Renagel,Samsung,417,2022-02-05,https://eventlink.com/Renagel/Samsung
MKMen Advanced Facial Hydrator Sunscreen SPF 30,Motorola,449,2020-11-02,https://eventlink.com/MKMen_Advanced_Facial_Hydrator_Sunscreen_SPF_30/Motorola
Ingrown Toenails,Acer,404,2023-09-26,https://eventlink.com/Ingrown_Toenails/Acer
pediapred,Sony,156,2023-10-25,https://eventlink.com/pediapred/Sony
Procainamide Hydrochloride,Oppo,387,2020-03-24,https://eventlink.com/Procainamide_Hydrochloride/Oppo
diclofenac sodium,Samsung,573,2022-01-13,https://eventlink.com/diclofenac_sodium/Samsung
BENLYSTA,Nokia,595,2021-10-28,https://eventlink.com/BENLYSTA/Nokia
Cortisone Maximum Strength with Aloe,Motorola,545,2020-07-14,https://eventlink.com/Cortisone_Maximum_Strength_with_Aloe/Motorola
TORSEMIDE,vivo,78,2022-08-14,https://eventlink.com/TORSEMIDE/vivo
Stage Fright - Fear,Oppo,608,2019-02-21,https://eventlink.com/Stage_Fright_-_Fear/Oppo
Healthy accents hemorrhoidal,vivo,688,2022-07-09,https://eventlink.com/Healthy_accents_hemorrhoidal/vivo
Macular Degeneration,verykool,261,2024-01-09,https://eventlink.com/Macular_Degeneration/verykool
Losartan Potassium and Hydrochlorothiazide,Motorola,252,2020-06-15,https://eventlink.com/Losartan_Potassium_and_Hydrochlorothiazide/Motorola
Lovenox,Samsung,531,2022-08-12,https://eventlink.com/Lovenox/Samsung
Cefditoren Pivoxil,Asus,456,2025-05-19,https://eventlink.com/Cefditoren_Pivoxil/Asus
Bacti-Foam,Xiaomi,615,2022-11-29,https://eventlink.com/Bacti-Foam/Xiaomi
Glipizide,Oppo,104,2024-04-30,https://eventlink.com/Glipizide/Oppo
Seretin,Kyocera,208,2024-10-14,https://eventlink.com/Seretin/Kyocera
Bactestat,Apple,531,2021-04-01,https://eventlink.com/Bactestat/Apple
Good Neighbor Pharmacy Night Time Severe,Sony,620,2020-11-26,https://eventlink.com/Good_Neighbor_Pharmacy_Night_Time_Severe/Sony
ibuprofen,Allview,423,2022-12-29,https://eventlink.com/ibuprofen/Allview
USTILAGO MAYDIS,Samsung,502,2019-10-26,https://eventlink.com/USTILAGO_MAYDIS/Samsung
ENJUVIA,Xiaomi,273,2020-01-05,https://eventlink.com/ENJUVIA/Xiaomi
Pravastatin Sodium,Energizer,518,2019-05-05,https://eventlink.com/Pravastatin_Sodium/Energizer
Ibuprofen and Pseudoephedrine Hydrochloride,Icemobile,551,2023-05-10,https://eventlink.com/Ibuprofen_and_Pseudoephedrine_Hydrochloride/Icemobile
Throat Care,Asus,6,2019-06-27,https://eventlink.com/Throat_Care/Asus
Piroxicam,Micromax,603,2024-10-23,https://eventlink.com/Piroxicam/Micromax
LBEL EFFET PARFAIT Spots Reducing Effect Foundation SPF 18 - OBSCURE 10,Infinix,323,2022-07-23,https://eventlink.com/LBEL_EFFET_PARFAIT_Spots_Reducing_Effect_Foundation_SPF_18_-_OBSCURE_10/Infinix
Spironolactone,Samsung,632,2023-05-29,https://eventlink.com/Spironolactone/Samsung
All Day Pain Relief,LG,321,2020-07-22,https://eventlink.com/All_Day_Pain_Relief/LG
Normosol-R,vivo,3,2021-10-22,https://eventlink.com/Normosol-R/vivo
Isosorbide Dinitrate,vivo,194,2020-12-22,https://eventlink.com/Isosorbide_Dinitrate/vivo
Tramadol Hydrochloride,Nokia,554,2019-02-23,https://eventlink.com/Tramadol_Hydrochloride/Nokia
All Day Pain Relief,ZTE,245,2024-01-02,https://eventlink.com/All_Day_Pain_Relief/ZTE
no zit sherlock acne,Nokia,375,2021-11-26,https://eventlink.com/no_zit_sherlock_acne/Nokia
Losartan Potassium and Hydrochlorothiazide,Motorola,509,2024-03-09,https://eventlink.com/Losartan_Potassium_and_Hydrochlorothiazide/Motorola
Extra Strength Pain Reliever PM,BLU,445,2023-01-27,https://eventlink.com/Extra_Strength_Pain_Reliever_PM/BLU
Dopamine HCl,Micromax,338,2022-11-24,https://eventlink.com/Dopamine_HCl/Micromax
Terrasil IPL Relief,ZTE,242,2020-06-04,https://eventlink.com/Terrasil_IPL_Relief/ZTE
Dark Foundation SPF 15,Wiko,557,2021-03-09,https://eventlink.com/Dark_Foundation_SPF_15/Wiko
NIVEA A Kiss of Smoothness Hydrating Lip Care,Panasonic,637,2020-08-16,https://eventlink.com/NIVEA_A_Kiss_of_Smoothness_Hydrating_Lip_Care/Panasonic
Diflunisal,LG,496,2019-06-25,https://eventlink.com/Diflunisal/LG
Isosorbide Mononitrate,Energizer,651,2025-04-22,https://eventlink.com/Isosorbide_Mononitrate/Energizer
Childrens Multi-Symptom Cold,Spice,191,2021-07-22,https://eventlink.com/Childrens_Multi-Symptom_Cold/Spice
PRAVASTATIN SODIUM,Samsung,450,2023-01-02,https://eventlink.com/PRAVASTATIN_SODIUM/Samsung
Indapamide,Bird,429,2021-11-12,https://eventlink.com/Indapamide/Bird
Acyclovir,Huawei,385,2020-06-24,https://eventlink.com/Acyclovir/Huawei
Candesartan Cilexetil and Hydrochlorothiazide,OnePlus,4,2019-08-28,https://eventlink.com/Candesartan_Cilexetil_and_Hydrochlorothiazide/OnePlus
Incontinence,Micromax,224,2023-04-30,https://eventlink.com/Incontinence/Micromax
InstantFOAM non-alcohol,Samsung,129,2019-01-02,https://eventlink.com/InstantFOAM_non-alcohol/Samsung
Amoxicillin,Gionee,157,2020-08-08,https://eventlink.com/Amoxicillin/Gionee
Metoprolol Tartrate,alcatel,151,2021-06-23,https://eventlink.com/Metoprolol_Tartrate/alcatel
Gadavyt Loperamide HCl,Xiaomi,117,2023-11-19,https://eventlink.com/Gadavyt_Loperamide_HCl/Xiaomi
Spatherapy,BlackBerry,401,2023-07-12,https://eventlink.com/Spatherapy/BlackBerry
buprenorphine hydrochloride,Qtek,117,2020-05-18,https://eventlink.com/buprenorphine_hydrochloride/Qtek
Ladies Speed Stick,Infinix,539,2020-01-31,https://eventlink.com/Ladies_Speed_Stick/Infinix
Leeks,Samsung,303,2021-10-29,https://eventlink.com/Leeks/Samsung
OHUI Sun Science Powder Sun Block Natural Skin,Philips,302,2024-02-16,https://eventlink.com/OHUI_Sun_Science_Powder_Sun_Block_Natural_Skin/Philips
No7 Stay Perfect Foundation Compact Sunscreen SPF 15 Almond,LG,501,2019-10-13,https://eventlink.com/No7_Stay_Perfect_Foundation_Compact_Sunscreen_SPF_15_Almond/LG
Ibuprofen,T-Mobile,573,2024-01-07,https://eventlink.com/Ibuprofen/T-Mobile
Metformin Hydrochloride,Samsung,109,2023-12-28,https://eventlink.com/Metformin_Hydrochloride/Samsung
Trival,HP,286,2021-06-02,https://eventlink.com/Trival/HP
Garnier Clean Blackhead Eliminating Scrub,Motorola,366,2022-02-14,https://eventlink.com/Garnier_Clean_Blackhead_Eliminating_Scrub/Motorola
Hydrochlorothiazide,Samsung,489,2020-03-07,https://eventlink.com/Hydrochlorothiazide/Samsung
White Potato,Siemens,342,2020-12-29,https://eventlink.com/White_Potato/Siemens
Black Walnut,Micromax,515,2020-08-08,https://eventlink.com/Black_Walnut/Micromax
Nighttime Cold n Cough 4 Kids,BLU,144,2019-03-23,https://eventlink.com/Nighttime_Cold_n_Cough_4_Kids/BLU
Cytotec,HP,21,2023-02-10,https://eventlink.com/Cytotec/HP
Propafenone HCl,HTC,270,2022-03-21,https://eventlink.com/Propafenone_HCl/HTC
CitraNatal 90 DHA,Nokia,169,2024-10-29,https://eventlink.com/CitraNatal_90_DHA/Nokia
Carvedilol,Sony,380,2025-03-20,https://eventlink.com/Carvedilol/Sony
Trilipix,Celkon,391,2023-02-20,https://eventlink.com/Trilipix/Celkon
Topcare Nite Time Day Time Cold and Flu Relief,Lenovo,420,2023-09-01,https://eventlink.com/Topcare_Nite_Time_Day_Time_Cold_and_Flu_Relief/Lenovo
Smooth Brome Pollen,Maxon,29,2021-06-15,https://eventlink.com/Smooth_Brome_Pollen/Maxon
TRAMADOL HYDROCHLORIDE AND ACETAMINOPHEN,alcatel,584,2019-05-20,https://eventlink.com/TRAMADOL_HYDROCHLORIDE_AND_ACETAMINOPHEN/alcatel
Hydrocortisone,alcatel,483,2023-03-03,https://eventlink.com/Hydrocortisone/alcatel
Dulcolax,Huawei,330,2023-10-02,https://eventlink.com/Dulcolax/Huawei
LEVOXYL,Honor,300,2019-06-01,https://eventlink.com/LEVOXYL/Honor
Walgreens,alcatel,353,2023-03-30,https://eventlink.com/Walgreens/alcatel
Treatment Set TS331977,LeEco,207,2025-05-14,https://eventlink.com/Treatment_Set_TS331977/LeEco
Trazodone Hydrochloride,BLU,445,2024-03-14,https://eventlink.com/Trazodone_Hydrochloride/BLU
ATORVASTATIN CALCIUM,Honor,393,2023-09-01,https://eventlink.com/ATORVASTATIN_CALCIUM/Honor
Ibuprofen,Samsung,347,2021-01-22,https://eventlink.com/Ibuprofen/Samsung
Veil Mineral Primer,Spice,245,2023-02-23,https://eventlink.com/Veil_Mineral_Primer/Spice
Quetiapine fumarate,Samsung,209,2024-11-29,https://eventlink.com/Quetiapine_fumarate/Samsung
LAMOTRIGINE,Samsung,285,2021-02-19,https://eventlink.com/LAMOTRIGINE/Samsung
Lisinopril,Nokia,675,2025-05-10,https://eventlink.com/Lisinopril/Nokia
50 Person ANSI,Samsung,6,2024-09-08,https://eventlink.com/50_Person_ANSI/Samsung
MEDI-FIRST Ibuprofen,alcatel,115,2021-08-28,https://eventlink.com/MEDI-FIRST_Ibuprofen/alcatel
Renagel,Huawei,669,2021-03-31,https://eventlink.com/Renagel/Huawei
Miconazole 3,Apple,490,2019-12-23,https://eventlink.com/Miconazole_3/Apple
Diltiazem Hydrochloride,Samsung,192,2022-06-29,https://eventlink.com/Diltiazem_Hydrochloride/Samsung
Olay Complete Tinted Moisturizer,Wiko,546,2020-01-21,https://eventlink.com/Olay_Complete_Tinted_Moisturizer/Wiko
2in1,Celkon,97,2023-02-04,https://eventlink.com/2in1/Celkon
Amazonian Clay BB Tinted Moisturizer Broad Spectrum SPF 20 Sunscreen,Samsung,22,2023-12-18,https://eventlink.com/Amazonian_Clay_BB_Tinted_Moisturizer_Broad_Spectrum_SPF_20_Sunscreen/Samsung
Azithromycin Dihydrate,Sony,539,2023-08-31,https://eventlink.com/Azithromycin_Dihydrate/Sony
OCTREOSCAN,Motorola,227,2024-01-30,https://eventlink.com/OCTREOSCAN/Motorola
PREDNISONE,verykool,445,2019-08-09,https://eventlink.com/PREDNISONE/verykool
Indomethacin,Asus,319,2022-08-23,https://eventlink.com/Indomethacin/Asus
Triamcinolone Acetonide,alcatel,552,2020-07-17,https://eventlink.com/Triamcinolone_Acetonide/alcatel
Denti-Care Denti-Rinse,LG,145,2020-03-05,https://eventlink.com/Denti-Care_Denti-Rinse/LG
Ciprofloxacin,Allview,530,2022-10-05,https://eventlink.com/Ciprofloxacin/Allview
RANITIDINE,NEC,389,2019-09-28,https://eventlink.com/RANITIDINE/NEC
Triple Antibiotic,Gigabyte,490,2019-08-31,https://eventlink.com/Triple_Antibiotic/Gigabyte
carvedilol,Motorola,491,2019-12-09,https://eventlink.com/carvedilol/Motorola
Pentasa,LG,358,2024-11-24,https://eventlink.com/Pentasa/LG
STANDARDIZED REDTOP GRASS POLLEN,Samsung,147,2020-01-03,https://eventlink.com/STANDARDIZED_REDTOP_GRASS_POLLEN/Samsung
Clotrimazole and Betamethasone Dipropionate,vivo,148,2024-01-02,https://eventlink.com/Clotrimazole_and_Betamethasone_Dipropionate/vivo
PERFECTION LUMIERE VELVET,Nokia,387,2021-03-23,https://eventlink.com/PERFECTION_LUMIERE_VELVET/Nokia
smart sense nicotine,Nokia,455,2024-12-21,https://eventlink.com/smart_sense_nicotine/Nokia
Doxorubicin Hydrochloride,Acer,80,2021-01-23,https://eventlink.com/Doxorubicin_Hydrochloride/Acer
Lamb Quarters,Sewon,400,2020-01-07,https://eventlink.com/Lamb_Quarters/Sewon
Buspirone Hydrochloride,alcatel,649,2020-01-31,https://eventlink.com/Buspirone_Hydrochloride/alcatel
Retin-A MICRO,Xiaomi,373,2021-04-22,https://eventlink.com/Retin-A_MICRO/Xiaomi
Levofloxacin,Icemobile,110,2021-11-21,https://eventlink.com/Levofloxacin/Icemobile
SHISEIDO SUN PROTECTION FOUNDATION,Pantech,441,2020-10-20,https://eventlink.com/SHISEIDO_SUN_PROTECTION_FOUNDATION/Pantech
WHITE POPLAR POLLEN,BLU,297,2020-01-02,https://eventlink.com/WHITE_POPLAR_POLLEN/BLU
Givenchy Photo Perfexion Fluid Foundation SPF 20 Perfect Gold Tint 7,Icemobile,611,2024-06-27,https://eventlink.com/Givenchy_Photo_Perfexion_Fluid_Foundation_SPF_20_Perfect_Gold_Tint_7/Icemobile
rexall sleep aid,Coolpad,70,2020-12-02,https://eventlink.com/rexall_sleep_aid/Coolpad
up and up miconazole 7,Nokia,234,2024-12-23,https://eventlink.com/up_and_up_miconazole_7/Nokia
Female Fibroids,vivo,83,2023-04-06,https://eventlink.com/Female_Fibroids/vivo
Cefazolin,Lenovo,369,2023-01-27,https://eventlink.com/Cefazolin/Lenovo
Secret,BlackBerry,191,2022-11-04,https://eventlink.com/Secret/BlackBerry
Tilia Fe,Philips,247,2022-02-22,https://eventlink.com/Tilia_Fe/Philips
CareOne Cold and Cough,Spice,589,2024-09-10,https://eventlink.com/CareOne_Cold_and_Cough/Spice
Ursodiol,QMobile,305,2021-10-03,https://eventlink.com/Ursodiol/QMobile
Glycopyrrolate,BenQ,282,2024-01-08,https://eventlink.com/Glycopyrrolate/BenQ
Diclofenac Sodium,Huawei,294,2024-08-08,https://eventlink.com/Diclofenac_Sodium/Huawei
Pleo Pef,Ulefone,447,2023-08-06,https://eventlink.com/Pleo_Pef/Ulefone
FLUMAZENIL,Celkon,663,2019-06-12,https://eventlink.com/FLUMAZENIL/Celkon
Prednisone,i-mobile,167,2019-03-09,https://eventlink.com/Prednisone/i-mobile
Multi Vitamin Infusion Pediatric,HTC,433,2023-10-08,https://eventlink.com/Multi_Vitamin_Infusion_Pediatric/HTC
Nabumetone,Nokia,552,2023-10-12,https://eventlink.com/Nabumetone/Nokia
Maybelline New York Pure Stay Powder Foundation Broad Spectrum SPF 15 Sunscreen,Celkon,228,2021-01-05,https://eventlink.com/Maybelline_New_York_Pure_Stay_Powder_Foundation_Broad_Spectrum_SPF_15_Sunscreen/Celkon
Zepol Topical Analgesic,LG,543,2024-09-17,https://eventlink.com/Zepol_Topical_Analgesic/LG
Sugared Pear Antibacterial Hand Sanitizer,Micromax,341,2025-01-22,https://eventlink.com/Sugared_Pear_Antibacterial_Hand_Sanitizer/Micromax
ADVIL,Samsung,486,2024-06-19,https://eventlink.com/ADVIL/Samsung
LOCCITANE,Nokia,538,2022-03-24,https://eventlink.com/LOCCITANE/Nokia
INFANTS TEETHING LIQUID,ZTE,169,2020-07-25,https://eventlink.com/INFANTS_TEETHING_LIQUID/ZTE
Spironolactone and Hydrochlorothiazide,Xiaomi,364,2019-05-27,https://eventlink.com/Spironolactone_and_Hydrochlorothiazide/Xiaomi
Acid Reducer,Xiaomi,447,2020-11-14,https://eventlink.com/Acid_Reducer/Xiaomi
Simvastatin,Plum,592,2023-04-03,https://eventlink.com/Simvastatin/Plum
up and up flu and severe cold and cough relief,Panasonic,318,2021-04-20,https://eventlink.com/up_and_up_flu_and_severe_cold_and_cough_relief/Panasonic
Effexor,Acer,69,2025-04-28,https://eventlink.com/Effexor/Acer
Albutein,LG,538,2023-12-15,https://eventlink.com/Albutein/LG
Atropine Sulfate,LG,365,2020-07-08,https://eventlink.com/Atropine_Sulfate/LG
Savella,Samsung,513,2020-03-14,https://eventlink.com/Savella/Samsung
Calypxo Pain Relief,Celkon,53,2021-02-05,https://eventlink.com/Calypxo_Pain_Relief/Celkon
Captopril,HTC,348,2019-06-09,https://eventlink.com/Captopril/HTC
Methylprednisolone,Lenovo,180,2022-06-20,https://eventlink.com/Methylprednisolone/Lenovo
Imbue,Sharp,266,2019-11-01,https://eventlink.com/Imbue/Sharp
Asparagus,Allview,471,2020-06-18,https://eventlink.com/Asparagus/Allview
Wong To Yick,ZTE,222,2019-03-19,https://eventlink.com/Wong_To_Yick/ZTE
Propranolol Hydrochloride,Spice,508,2023-07-07,https://eventlink.com/Propranolol_Hydrochloride/Spice
Diltiazem Hydrochloride,Motorola,223,2024-05-05,https://eventlink.com/Diltiazem_Hydrochloride/Motorola
health mart nicotine,Philips,414,2021-11-17,https://eventlink.com/health_mart_nicotine/Philips
GIVEN BY NATURE SHEA BUTTER MASK SHEET,Infinix,340,2024-04-13,https://eventlink.com/GIVEN_BY_NATURE_SHEA_BUTTER_MASK_SHEET/Infinix
Nu Skin Sunright Lip Balm Broad Spectrum SPF 15,Sony,26,2020-03-15,https://eventlink.com/Nu_Skin_Sunright_Lip_Balm_Broad_Spectrum_SPF_15/Sony
No Pain More Gain,Asus,484,2023-05-07,https://eventlink.com/No_Pain_More_Gain/Asus
Good Neighbor Pharmacy Aspirin,Motorola,640,2023-09-10,https://eventlink.com/Good_Neighbor_Pharmacy_Aspirin/Motorola
Eastern Cottonwood,BenQ,642,2020-09-09,https://eventlink.com/Eastern_Cottonwood/BenQ
Fluvoxamine Maleate,LG,238,2021-04-20,https://eventlink.com/Fluvoxamine_Maleate/LG
Moisture Renew,Nokia,171,2019-04-19,https://eventlink.com/Moisture_Renew/Nokia
CURE ATHLETES FOOT,ZTE,35,2022-04-20,https://eventlink.com/CURE_ATHLETES_FOOT/ZTE
Tall Ragweed,Huawei,41,2022-09-12,https://eventlink.com/Tall_Ragweed/Huawei
Bupivacaine Hydrochloride,Lenovo,402,2023-01-02,https://eventlink.com/Bupivacaine_Hydrochloride/Lenovo
Diltiazem Hydrochloride,Motorola,514,2022-03-25,https://eventlink.com/Diltiazem_Hydrochloride/Motorola
IBU,Sony,264,2019-05-17,https://eventlink.com/IBU/Sony
Kroger Waterless Hand Sanitizer Citrus Scent With Moisturizers And Vitamin E,Coolpad,638,2024-05-31,https://eventlink.com/Kroger_Waterless_Hand_Sanitizer_Citrus_Scent_With_Moisturizers_And_Vitamin_E/Coolpad
Topcare Pain Relief,Lenovo,137,2024-09-24,https://eventlink.com/Topcare_Pain_Relief/Lenovo
Vancomycin Hydrochloride,Posh,659,2020-08-26,https://eventlink.com/Vancomycin_Hydrochloride/Posh
Proactiv,alcatel,403,2024-06-11,https://eventlink.com/Proactiv/alcatel
ibuprofen,Allview,139,2022-06-24,https://eventlink.com/ibuprofen/Allview
care one acid reducer,Lenovo,605,2023-01-03,https://eventlink.com/care_one_acid_reducer/Lenovo
Aconitum Belladonna,Ulefone,486,2024-10-01,https://eventlink.com/Aconitum_Belladonna/Ulefone
Cetirizine Hydrochloride,Acer,74,2019-10-20,https://eventlink.com/Cetirizine_Hydrochloride/Acer
PrimaDerm Anti-dandruff,Motorola,88,2023-04-17,https://eventlink.com/PrimaDerm_Anti-dandruff/Motorola
TIMOLOL MALEATE,Allview,350,2025-03-13,https://eventlink.com/TIMOLOL_MALEATE/Allview
Simply Beige,Honor,478,2021-11-22,https://eventlink.com/Simply_Beige/Honor
Sotalol Hydrochloride,Samsung,423,2020-11-26,https://eventlink.com/Sotalol_Hydrochloride/Samsung
Loxapine,Vodafone,100,2022-08-18,https://eventlink.com/Loxapine/Vodafone
Ciprofloxacin,Allview,655,2022-06-09,https://eventlink.com/Ciprofloxacin/Allview
Rexall Nicotine,Meizu,73,2023-02-06,https://eventlink.com/Rexall_Nicotine/Meizu
Dental plus Extra Menta,Oppo,318,2019-11-28,https://eventlink.com/Dental_plus_Extra_Menta/Oppo
VESIcare,Toshiba,83,2019-09-18,https://eventlink.com/VESIcare/Toshiba
Trival,HP,279,2022-03-28,https://eventlink.com/Trival/HP
"Nicotine Polacrilex, Original",Gionee,619,2019-07-16,"https://eventlink.com/Nicotine_Polacrilex,_Original/Gionee"
Veil Mineral Primer,Spice,184,2024-08-15,https://eventlink.com/Veil_Mineral_Primer/Spice
Head and Shoulders 2in1,Microsoft,689,2020-12-08,https://eventlink.com/Head_and_Shoulders_2in1/Microsoft
Allergy,Samsung,301,2020-01-29,https://eventlink.com/Allergy/Samsung
Levothyroxine Sodium,Samsung,243,2023-03-21,https://eventlink.com/Levothyroxine_Sodium/Samsung
RISPERDAL,HTC,395,2021-11-14,https://eventlink.com/RISPERDAL/HTC
healthy accents allergy,Samsung,377,2022-04-05,https://eventlink.com/healthy_accents_allergy/Samsung
Isopropyl Rubbing Alcohol,Haier,63,2020-06-20,https://eventlink.com/Isopropyl_Rubbing_Alcohol/Haier
Cough and Cold HBP,Motorola,460,2025-01-27,https://eventlink.com/Cough_and_Cold_HBP/Motorola
Neosporin Plus Pain Relief,Samsung,605,2024-11-25,https://eventlink.com/Neosporin_Plus_Pain_Relief/Samsung
TopCare,Xiaomi,25,2025-04-04,https://eventlink.com/TopCare/Xiaomi
Helium,Celkon,95,2022-11-24,https://eventlink.com/Helium/Celkon
Famciclovir,Lenovo,684,2019-10-14,https://eventlink.com/Famciclovir/Lenovo
Anzemet,HTC,128,2021-01-17,https://eventlink.com/Anzemet/HTC
Bal-Care DHA,Philips,299,2021-06-22,https://eventlink.com/Bal-Care_DHA/Philips
White Fish,Samsung,557,2022-10-10,https://eventlink.com/White_Fish/Samsung
ZOMIG,Samsung,285,2020-06-20,https://eventlink.com/ZOMIG/Samsung
Milk of Magnesia Original,HTC,405,2020-05-28,https://eventlink.com/Milk_of_Magnesia_Original/HTC
health mart nicotine,Philips,209,2019-09-01,https://eventlink.com/health_mart_nicotine/Philips
Secret Antiperspirant,Mitac,23,2025-03-18,https://eventlink.com/Secret_Antiperspirant/Mitac
Aloe Up,Orange,574,2025-04-15,https://eventlink.com/Aloe_Up/Orange
Diclofenac Sodium,Samsung,549,2021-08-18,https://eventlink.com/Diclofenac_Sodium/Samsung
RECURO VAGINAL,Micromax,55,2022-09-16,https://eventlink.com/RECURO_VAGINAL/Micromax
BENLYSTA,Nokia,89,2019-08-08,https://eventlink.com/BENLYSTA/Nokia
American Elm,T-Mobile,651,2019-10-11,https://eventlink.com/American_Elm/T-Mobile
Prednisolone Acetate,Sony,297,2023-06-26,https://eventlink.com/Prednisolone_Acetate/Sony
Docetaxel,Ericsson,73,2019-12-30,https://eventlink.com/Docetaxel/Ericsson
Black Birch,Oppo,31,2025-04-16,https://eventlink.com/Black_Birch/Oppo
Tears Renewed Lubricant,LG,410,2021-12-20,https://eventlink.com/Tears_Renewed_Lubricant/LG
Mesalamine,Eten,606,2019-12-11,https://eventlink.com/Mesalamine/Eten
Undecylenic Acid,Acer,150,2020-10-15,https://eventlink.com/Undecylenic_Acid/Acer
Naproxen Sodium,Samsung,196,2020-12-13,https://eventlink.com/Naproxen_Sodium/Samsung
Atenolol,Siemens,626,2022-10-30,https://eventlink.com/Atenolol/Siemens
Meclizine Hydrochloride,Micromax,349,2022-04-14,https://eventlink.com/Meclizine_Hydrochloride/Micromax
hemorrhoidal,HTC,269,2023-08-12,https://eventlink.com/hemorrhoidal/HTC
equaline anti itch,Allview,496,2019-08-09,https://eventlink.com/equaline_anti_itch/Allview
SHISEIDO UV PROTECTIVE FOUNDATION,O2,58,2022-09-04,https://eventlink.com/SHISEIDO_UV_PROTECTIVE_FOUNDATION/O2
Allergena,Samsung,179,2025-04-17,https://eventlink.com/Allergena/Samsung
Gas Relief,Cat,154,2022-04-17,https://eventlink.com/Gas_Relief/Cat
Leonurus Cardiaca,Eten,334,2025-03-10,https://eventlink.com/Leonurus_Cardiaca/Eten
Naloxone Hydrochloride,Micromax,549,2021-11-22,https://eventlink.com/Naloxone_Hydrochloride/Micromax
Oto End 10,NEC,387,2024-11-15,https://eventlink.com/Oto_End_10/NEC
Flu Tonic,alcatel,659,2022-06-29,https://eventlink.com/Flu_Tonic/alcatel
Johnson Grass Pollen,Motorola,90,2019-11-06,https://eventlink.com/Johnson_Grass_Pollen/Motorola
LanoGuard,Karbonn,37,2020-09-12,https://eventlink.com/LanoGuard/Karbonn
Atenolol and Chlorthalidone,Infinix,154,2021-01-30,https://eventlink.com/Atenolol_and_Chlorthalidone/Infinix
Losartan Potassium,vivo,61,2025-05-08,https://eventlink.com/Losartan_Potassium/vivo
Lovastatin,Sony,440,2022-05-23,https://eventlink.com/Lovastatin/Sony
Tizanidine Hydrochloride,Tel.Me.,496,2024-07-14,https://eventlink.com/Tizanidine_Hydrochloride/Tel.Me.
Shopko Hemorrhoidal,Samsung,272,2023-04-21,https://eventlink.com/Shopko_Hemorrhoidal/Samsung
Theophylline,vivo,261,2023-07-26,https://eventlink.com/Theophylline/vivo
Oxygen,LG,670,2022-03-01,https://eventlink.com/Oxygen/LG
night relief,Amoi,285,2022-03-09,https://eventlink.com/night_relief/Amoi
Contac Cold and Flu,Motorola,210,2022-06-25,https://eventlink.com/Contac_Cold_and_Flu/Motorola
Ovarium 6 Special Order,Motorola,173,2024-10-27,https://eventlink.com/Ovarium_6_Special_Order/Motorola
Lovastatin,HTC,129,2024-07-11,https://eventlink.com/Lovastatin/HTC
Felodipine,Samsung,143,2021-09-25,https://eventlink.com/Felodipine/Samsung
BLUMJK PAIN RELIEF,Motorola,314,2025-01-04,https://eventlink.com/BLUMJK_PAIN_RELIEF/Motorola
Bacterial Infection,Realme,407,2020-04-30,https://eventlink.com/Bacterial_Infection/Realme
MIRTAZAPINE,Micromax,577,2024-12-04,https://eventlink.com/MIRTAZAPINE/Micromax
AQUA COLLAGEN SOLUTION MARINE HYDROGEL MASK,Icemobile,686,2022-09-24,https://eventlink.com/AQUA_COLLAGEN_SOLUTION_MARINE_HYDROGEL_MASK/Icemobile
Flagyl ER,ZTE,60,2021-07-11,https://eventlink.com/Flagyl_ER/ZTE
MediSoft,Apple,77,2022-12-20,https://eventlink.com/MediSoft/Apple
Curly Dock,Sony,120,2021-05-29,https://eventlink.com/Curly_Dock/Sony
JANUMET,Samsung,693,2020-03-17,https://eventlink.com/JANUMET/Samsung
PDI Alcohol Prep Pad,Sony,402,2020-08-06,https://eventlink.com/PDI_Alcohol_Prep_Pad/Sony
Hydroxyzine Hydrochloride,Nvidia,333,2019-11-28,https://eventlink.com/Hydroxyzine_Hydrochloride/Nvidia
CENTER-AL - LOLIUM PERENNE POLLEN,Motorola,198,2023-01-16,https://eventlink.com/CENTER-AL_-_LOLIUM_PERENNE_POLLEN/Motorola
Brain Blance Core Formula,LG,193,2025-01-01,https://eventlink.com/Brain_Blance_Core_Formula/LG
Minocycline Hydrochloride,Micromax,605,2023-03-19,https://eventlink.com/Minocycline_Hydrochloride/Micromax
Smooth Brome Pollen,Xiaomi,592,2024-10-26,https://eventlink.com/Smooth_Brome_Pollen/Xiaomi
Risk Seduction,Oppo,555,2019-10-14,https://eventlink.com/Risk_Seduction/Oppo
Childrens Multi-Symptom Cold,Telit,414,2024-11-13,https://eventlink.com/Childrens_Multi-Symptom_Cold/Telit
Dry Idea A.Dry Antiperspirant Unscented,i-mate,441,2021-10-17,https://eventlink.com/Dry_Idea_A.Dry_Antiperspirant_Unscented/i-mate
Lenscale Quailbrush,Panasonic,539,2023-03-05,https://eventlink.com/Lenscale_Quailbrush/Panasonic
Match Perfection SPF 18,ZTE,472,2019-02-04,https://eventlink.com/Match_Perfection_SPF_18/ZTE
Crest Pro-Health HD,BLU,673,2022-09-29,https://eventlink.com/Crest_Pro-Health_HD/BLU
Xopenex,LG,307,2022-09-17,https://eventlink.com/Xopenex/LG
Senophylline,Celkon,190,2019-10-08,https://eventlink.com/Senophylline/Celkon
TobraDex,VK,583,2023-10-13,https://eventlink.com/TobraDex/VK
Chest Rub,Amoi,526,2022-03-24,https://eventlink.com/Chest_Rub/Amoi
Temozolomide,Huawei,355,2022-02-15,https://eventlink.com/Temozolomide/Huawei
OHUI Sun Science Powder Sun Block Natural Skin,Philips,654,2022-07-15,https://eventlink.com/OHUI_Sun_Science_Powder_Sun_Block_Natural_Skin/Philips
Arthritis,Micromax,561,2023-11-29,https://eventlink.com/Arthritis/Micromax
LBEL NATURAL FINISH MOISTURIZING FOUNDATION SPF 25,Celkon,91,2019-06-06,https://eventlink.com/LBEL_NATURAL_FINISH_MOISTURIZING_FOUNDATION_SPF_25/Celkon
CitraNatal 90 DHA,Nokia,458,2021-10-23,https://eventlink.com/CitraNatal_90_DHA/Nokia
Natria,Samsung,590,2020-07-05,https://eventlink.com/Natria/Samsung
Minoxidil,Nokia,507,2021-07-26,https://eventlink.com/Minoxidil/Nokia
CARBAMAZEPINE,Wiko,668,2021-05-19,https://eventlink.com/CARBAMAZEPINE/Wiko
Softlips Flavor Fusions Pomegranate Blueberry,Samsung,312,2019-02-08,https://eventlink.com/Softlips_Flavor_Fusions_Pomegranate_Blueberry/Samsung
Healthy accents hemorrhoidal,vivo,58,2025-05-02,https://eventlink.com/Healthy_accents_hemorrhoidal/vivo
CENTER-AL - ACACIA LONGIFOLIA POLLEN,Samsung,277,2021-12-15,https://eventlink.com/CENTER-AL_-_ACACIA_LONGIFOLIA_POLLEN/Samsung
ELOCTATE,OnePlus,568,2024-07-23,https://eventlink.com/ELOCTATE/OnePlus
no zit sherlock acne,Nokia,161,2020-09-14,https://eventlink.com/no_zit_sherlock_acne/Nokia
Stahist AD,Nokia,517,2022-06-23,https://eventlink.com/Stahist_AD/Nokia
"Pollens - Weeds and Garden Plants, Ragweed. Western Ambrosia psilostachya",Philips,224,2024-06-28,"https://eventlink.com/Pollens_-_Weeds_and_Garden_Plants,_Ragweed._Western_Ambrosia_psilostachya/Philips"
montelukast sodium,NEC,683,2021-10-13,https://eventlink.com/montelukast_sodium/NEC
Envirokleen Instant Hand Sanitizer,Huawei,573,2019-02-14,https://eventlink.com/Envirokleen_Instant_Hand_Sanitizer/Huawei
Lamotrigine,HTC,15,2021-10-15,https://eventlink.com/Lamotrigine/HTC
Benztropine Mesylate,Motorola,161,2020-05-25,https://eventlink.com/Benztropine_Mesylate/Motorola
Hydroxyzine Hydrochloride,Nvidia,32,2023-01-18,https://eventlink.com/Hydroxyzine_Hydrochloride/Nvidia
LEVOXYL,Sewon,555,2019-07-21,https://eventlink.com/LEVOXYL/Sewon
USTILAGO TRITICI,Honor,448,2024-02-10,https://eventlink.com/USTILAGO_TRITICI/Honor
Pleo Fort,AT&T,456,2022-03-27,https://eventlink.com/Pleo_Fort/AT&T
Gastrotone,Philips,99,2023-01-16,https://eventlink.com/Gastrotone/Philips
Nevirapine,alcatel,692,2019-06-30,https://eventlink.com/Nevirapine/alcatel
Whitening Repairing BB,Samsung,652,2019-10-09,https://eventlink.com/Whitening_Repairing_BB/Samsung
Simvastatin,Huawei,457,2019-04-21,https://eventlink.com/Simvastatin/Huawei
Tinted Moisturizer,LG,325,2019-07-10,https://eventlink.com/Tinted_Moisturizer/LG
MOMLOVE,XOLO,96,2025-01-20,https://eventlink.com/MOMLOVE/XOLO
Curly Dock,Sony,245,2021-02-13,https://eventlink.com/Curly_Dock/Sony
Tricor,Asus,437,2023-01-05,https://eventlink.com/Tricor/Asus
Quetiapine fumarate,Xiaomi,523,2020-10-30,https://eventlink.com/Quetiapine_fumarate/Xiaomi
Cleocin Phosphate,LG,204,2019-11-03,https://eventlink.com/Cleocin_Phosphate/LG
Antibacterial Foaming Hand Sanitizer,Benefon,243,2025-01-04,https://eventlink.com/Antibacterial_Foaming_Hand_Sanitizer/Benefon
Acyclovir,Asus,151,2021-08-26,https://eventlink.com/Acyclovir/Asus
Smart Sense Hydrocortisone,i-mate,375,2021-05-26,https://eventlink.com/Smart_Sense_Hydrocortisone/i-mate
Minocin Kit,Pantech,60,2024-07-08,https://eventlink.com/Minocin_Kit/Pantech
Lovastatin,Sony,489,2024-12-25,https://eventlink.com/Lovastatin/Sony
PROMETHAZINE HYDROCHLORIDE,Samsung,392,2020-11-14,https://eventlink.com/PROMETHAZINE_HYDROCHLORIDE/Samsung
Allergy Relief,Spice,87,2019-09-25,https://eventlink.com/Allergy_Relief/Spice
Idole Natural Organic,Energizer,17,2024-06-19,https://eventlink.com/Idole_Natural_Organic/Energizer
Bumetanide,Karbonn,54,2022-04-12,https://eventlink.com/Bumetanide/Karbonn
hydroxyzine pamoate,Panasonic,641,2020-08-17,https://eventlink.com/hydroxyzine_pamoate/Panasonic
Breech Baby,Samsung,568,2022-12-14,https://eventlink.com/Breech_Baby/Samsung
TORSEMIDE,vivo,123,2025-01-10,https://eventlink.com/TORSEMIDE/vivo
Ifosfamide,alcatel,532,2024-02-17,https://eventlink.com/Ifosfamide/alcatel
Fluoxetine,Tecno,139,2020-10-09,https://eventlink.com/Fluoxetine/Tecno
Senophylline,Celkon,280,2020-06-21,https://eventlink.com/Senophylline/Celkon
METFORMIN HYDROCHLORIDE,Wiko,201,2019-08-19,https://eventlink.com/METFORMIN_HYDROCHLORIDE/Wiko
HAWAIIAN TROPIC,verykool,396,2025-02-02,https://eventlink.com/HAWAIIAN_TROPIC/verykool
quetiapine fumarate,Samsung,450,2020-07-05,https://eventlink.com/quetiapine_fumarate/Samsung
Sure Original Solid Regular,Philips,185,2020-07-06,https://eventlink.com/Sure_Original_Solid_Regular/Philips
Levsin,BLU,610,2025-04-20,https://eventlink.com/Levsin/BLU
Tag Away,BLU,476,2020-03-04,https://eventlink.com/Tag_Away/BLU
Meijer Cherry Cough Drops,Philips,236,2022-08-22,https://eventlink.com/Meijer_Cherry_Cough_Drops/Philips
ZANTAC,Microsoft,17,2021-10-19,https://eventlink.com/ZANTAC/Microsoft
ShopRite Adult Tussin,Celkon,147,2025-05-21,https://eventlink.com/ShopRite_Adult_Tussin/Celkon
Relax Sanitizing Towlette,Samsung,127,2021-01-16,https://eventlink.com/Relax_Sanitizing_Towlette/Samsung
Indomethacin,Asus,334,2021-03-19,https://eventlink.com/Indomethacin/Asus
GABAPENTIN,Micromax,373,2024-04-15,https://eventlink.com/GABAPENTIN/Micromax
Sarna,alcatel,216,2024-01-23,https://eventlink.com/Sarna/alcatel
Montelukast Sodium,Mitsubishi,223,2019-05-04,https://eventlink.com/Montelukast_Sodium/Mitsubishi
Brimonidine Tartrate,Gionee,497,2021-03-29,https://eventlink.com/Brimonidine_Tartrate/Gionee
Good Sense enema,T-Mobile,605,2022-08-30,https://eventlink.com/Good_Sense_enema/T-Mobile
VITALUMIERE AQUA,BlackBerry,212,2023-06-22,https://eventlink.com/VITALUMIERE_AQUA/BlackBerry
IBUPROFEN,NEC,20,2024-09-05,https://eventlink.com/IBUPROFEN/NEC
GABITRIL,Yezz,124,2019-11-25,https://eventlink.com/GABITRIL/Yezz
Nitroglycerin Transdermal Delivery System,alcatel,260,2019-02-01,https://eventlink.com/Nitroglycerin_Transdermal_Delivery_System/alcatel
Cefuroxime,Philips,237,2021-11-17,https://eventlink.com/Cefuroxime/Philips
Junior Pain Relief,Motorola,618,2019-02-04,https://eventlink.com/Junior_Pain_Relief/Motorola
Retin-A MICRO,Xiaomi,325,2021-07-04,https://eventlink.com/Retin-A_MICRO/Xiaomi
Olay Total Effects Tone Correcting,vivo,231,2024-10-13,https://eventlink.com/Olay_Total_Effects_Tone_Correcting/vivo
Undecylenic Acid,Honor,385,2021-03-08,https://eventlink.com/Undecylenic_Acid/Honor
SUYAN JEONGBAEK,LG,675,2021-10-30,https://eventlink.com/SUYAN_JEONGBAEK/LG
Amantadine Hydrochloride,Infinix,677,2019-11-12,https://eventlink.com/Amantadine_Hydrochloride/Infinix
Topiramate,Samsung,585,2022-02-14,https://eventlink.com/Topiramate/Samsung
Attends Daily Barrier,LG,633,2019-11-23,https://eventlink.com/Attends_Daily_Barrier/LG
Tizanidine Hydrochloride,Tel.Me.,289,2021-05-24,https://eventlink.com/Tizanidine_Hydrochloride/Tel.Me.
Crest Complete Multi-Benefit Extra Whitening,Energizer,255,2022-08-21,https://eventlink.com/Crest_Complete_Multi-Benefit_Extra_Whitening/Energizer
Ropinirole,BLU,552,2022-04-26,https://eventlink.com/Ropinirole/BLU
Nighttime Cold n Cough 4 Kids,BLU,166,2021-01-11,https://eventlink.com/Nighttime_Cold_n_Cough_4_Kids/BLU
Olay Total Effects Tone Correcting,vivo,285,2021-04-25,https://eventlink.com/Olay_Total_Effects_Tone_Correcting/vivo
ck one 3-in-1 face makeup,Plum,437,2024-02-03,https://eventlink.com/ck_one_3-in-1_face_makeup/Plum
Diphenhydramine Hydrochloride,T-Mobile,180,2022-11-16,https://eventlink.com/Diphenhydramine_Hydrochloride/T-Mobile
Gongjinhyang Qi and Jin Eye,Huawei,35,2020-02-18,https://eventlink.com/Gongjinhyang_Qi_and_Jin_Eye/Huawei
Cardene,Bird,395,2024-01-21,https://eventlink.com/Cardene/Bird
LOTEMAX,BlackBerry,404,2024-02-19,https://eventlink.com/LOTEMAX/BlackBerry
CEFTRIAXONE,alcatel,547,2020-12-26,https://eventlink.com/CEFTRIAXONE/alcatel
ENDOCET,Spice,690,2021-02-23,https://eventlink.com/ENDOCET/Spice
dg health naproxen sodium,LG,95,2023-08-14,https://eventlink.com/dg_health_naproxen_sodium/LG
Amoxicillin,Wiko,470,2021-08-20,https://eventlink.com/Amoxicillin/Wiko
SENEXON-S,Samsung,595,2021-12-31,https://eventlink.com/SENEXON-S/Samsung
Alba Kids Mineral Sunblock SPF 30,Motorola,530,2025-01-29,https://eventlink.com/Alba_Kids_Mineral_Sunblock_SPF_30/Motorola
ABILIFY,Samsung,617,2022-09-29,https://eventlink.com/ABILIFY/Samsung
Polocaine,Motorola,30,2023-07-11,https://eventlink.com/Polocaine/Motorola
Lenscale,LG,382,2024-08-30,https://eventlink.com/Lenscale/LG
Venoforce,XOLO,459,2019-05-13,https://eventlink.com/Venoforce/XOLO
Apanol,Oppo,277,2019-12-29,https://eventlink.com/Apanol/Oppo
CONGESTAC,Micromax,195,2020-07-11,https://eventlink.com/CONGESTAC/Micromax
flormar BB Sheer Tinted Beauty Sunscreen Broad Spectrum SPF 15 03 Dark Medium,Icemobile,7,2019-06-17,https://eventlink.com/flormar_BB_Sheer_Tinted_Beauty_Sunscreen_Broad_Spectrum_SPF_15_03_Dark_Medium/Icemobile
Lidocaine Hydrochloride and Dextrose,Nokia,102,2019-02-25,https://eventlink.com/Lidocaine_Hydrochloride_and_Dextrose/Nokia
Double Antibiotic,alcatel,473,2024-08-22,https://eventlink.com/Double_Antibiotic/alcatel
Johnson Grass Pollen,Motorola,413,2023-04-20,https://eventlink.com/Johnson_Grass_Pollen/Motorola
Smart Sense Athletes Foot,ZTE,517,2021-05-15,https://eventlink.com/Smart_Sense_Athletes_Foot/ZTE
Instant Hand Sanitizer - Ice Clear,Huawei,145,2025-02-14,https://eventlink.com/Instant_Hand_Sanitizer_-_Ice_Clear/Huawei
Edex,LG,44,2025-01-31,https://eventlink.com/Edex/LG
COMETRIQ,NEC,453,2021-07-12,https://eventlink.com/COMETRIQ/NEC
Antibacterial Hand Sanitizer,Samsung,129,2020-08-22,https://eventlink.com/Antibacterial_Hand_Sanitizer/Samsung
PROTECTOR Alcohol Prep Pad,Nokia,343,2023-10-19,https://eventlink.com/PROTECTOR_Alcohol_Prep_Pad/Nokia
Brome Grass,O2,18,2020-10-30,https://eventlink.com/Brome_Grass/O2
Loblolly Pine,Samsung,368,2023-07-06,https://eventlink.com/Loblolly_Pine/Samsung
LYCOPODIUM CLAVATUM,Samsung,386,2021-02-05,https://eventlink.com/LYCOPODIUM_CLAVATUM/Samsung
Oxycodone Hydchloride,Icemobile,306,2025-04-27,https://eventlink.com/Oxycodone_Hydchloride/Icemobile
Suave Ocean Breeze,Nokia,698,2024-01-19,https://eventlink.com/Suave_Ocean_Breeze/Nokia
Refresh Optive,Tecno,267,2021-01-18,https://eventlink.com/Refresh_Optive/Tecno
Tampa General Hospital Instant Hand Degermer,ZTE,515,2023-09-22,https://eventlink.com/Tampa_General_Hospital_Instant_Hand_Degermer/ZTE
flormar BB Sheer Tinted Beauty Sunscreen Broad Spectrum SPF 15 03 Dark Medium,Icemobile,439,2020-05-31,https://eventlink.com/flormar_BB_Sheer_Tinted_Beauty_Sunscreen_Broad_Spectrum_SPF_15_03_Dark_Medium/Icemobile
NEO CLASSIC HOMME BB,BLU,2,2023-10-20,https://eventlink.com/NEO_CLASSIC_HOMME_BB/BLU
Alka-Seltzer HEARTBURN,Energizer,235,2024-03-05,https://eventlink.com/Alka-Seltzer_HEARTBURN/Energizer
Glyburide and Metformin Hydrochloride,LG,509,2021-09-11,https://eventlink.com/Glyburide_and_Metformin_Hydrochloride/LG
AVANDIA,HTC,247,2020-01-18,https://eventlink.com/AVANDIA/HTC
Alka-Seltzer Plus,Sony,247,2021-11-15,https://eventlink.com/Alka-Seltzer_Plus/Sony
Paecilomyces,Motorola,23,2024-08-03,https://eventlink.com/Paecilomyces/Motorola
Duloxetine,Sony,39,2020-09-20,https://eventlink.com/Duloxetine/Sony
Xylocaine,LG,276,2019-06-14,https://eventlink.com/Xylocaine/LG
Mens Mitchum Advanced Invisible,Samsung,348,2021-06-18,https://eventlink.com/Mens_Mitchum_Advanced_Invisible/Samsung
Ludens Sugar Free Wild Cherry Throat,Samsung,402,2023-03-20,https://eventlink.com/Ludens_Sugar_Free_Wild_Cherry_Throat/Samsung
OPANA,Xiaomi,524,2020-09-16,https://eventlink.com/OPANA/Xiaomi
LBEL,Philips,680,2021-05-08,https://eventlink.com/LBEL/Philips
Petroleum Skin Protectant,alcatel,515,2023-07-19,https://eventlink.com/Petroleum_Skin_Protectant/alcatel
PREDNISOLONE ACETATE,Philips,32,2024-02-10,https://eventlink.com/PREDNISOLONE_ACETATE/Philips
Duloxetine,verykool,374,2025-03-08,https://eventlink.com/Duloxetine/verykool
Doxazosin Mesylate,Xiaomi,560,2021-08-07,https://eventlink.com/Doxazosin_Mesylate/Xiaomi
Quercetin,ZTE,255,2023-04-10,https://eventlink.com/Quercetin/ZTE
Trilipix,Celkon,394,2020-12-09,https://eventlink.com/Trilipix/Celkon
SKIN STRONG - SKIN EQUIPMENT,VK,89,2020-12-12,https://eventlink.com/SKIN_STRONG_-_SKIN_EQUIPMENT/VK
Citalopram Hydrobromide,QMobile,66,2022-03-24,https://eventlink.com/Citalopram_Hydrobromide/QMobile
TOPIRAMATE,verykool,120,2023-09-01,https://eventlink.com/TOPIRAMATE/verykool
Losartan Potassium,Lenovo,359,2021-06-26,https://eventlink.com/Losartan_Potassium/Lenovo
equaline tussin cough and cold,Allview,258,2022-05-29,https://eventlink.com/equaline_tussin_cough_and_cold/Allview
Morphine Sulfate,Celkon,600,2022-10-14,https://eventlink.com/Morphine_Sulfate/Celkon
ORRIS,alcatel,145,2022-09-13,https://eventlink.com/ORRIS/alcatel
Sulfamethoxazole and Trimethoprim,Archos,298,2020-04-15,https://eventlink.com/Sulfamethoxazole_and_Trimethoprim/Archos
HAWAIIAN TROPIC,LG,147,2022-12-07,https://eventlink.com/HAWAIIAN_TROPIC/LG
HEPAR SULPHURIS CALCAREUM,Micromax,16,2022-10-24,https://eventlink.com/HEPAR_SULPHURIS_CALCAREUM/Micromax
Pecan Pollen,VK,78,2023-01-13,https://eventlink.com/Pecan_Pollen/VK
Metoprolol Tartrate,Tecno,218,2021-04-09,https://eventlink.com/Metoprolol_Tartrate/Tecno
Clear Anti Itch,LG,671,2024-10-21,https://eventlink.com/Clear_Anti_Itch/LG
Marcaine,Asus,520,2020-01-14,https://eventlink.com/Marcaine/Asus
ONDANSETRON HYDROCHLORIDE,Infinix,321,2020-10-26,https://eventlink.com/ONDANSETRON_HYDROCHLORIDE/Infinix
Pseudoephedrine Hydrochloride,alcatel,424,2023-08-29,https://eventlink.com/Pseudoephedrine_Hydrochloride/alcatel
Neuro II,Sagem,519,2020-06-19,https://eventlink.com/Neuro_II/Sagem
GUNA-EGF,Mitac,12,2023-06-23,https://eventlink.com/GUNA-EGF/Mitac
Reversion Acne Control,Maxwest,562,2020-01-29,https://eventlink.com/Reversion_Acne_Control/Maxwest
IOPE RETIGEN MOISTURE TWIN CAKE NO.21,Oppo,588,2021-09-15,https://eventlink.com/IOPE_RETIGEN_MOISTURE_TWIN_CAKE_NO.21/Oppo
Hydrocodone Bitartate and Acetaminophen,LG,576,2021-05-30,https://eventlink.com/Hydrocodone_Bitartate_and_Acetaminophen/LG
HARRIS TEETER,Sony,483,2020-10-28,https://eventlink.com/HARRIS_TEETER/Sony
Nifedipine,Samsung,486,2024-05-19,https://eventlink.com/Nifedipine/Samsung
Carbidopa and Levodopa,Celkon,650,2023-12-31,https://eventlink.com/Carbidopa_and_Levodopa/Celkon
Lamotrigine,Celkon,406,2021-10-05,https://eventlink.com/Lamotrigine/Celkon
Felodipine,Micromax,618,2021-11-24,https://eventlink.com/Felodipine/Micromax
Aclaro,Spice,617,2019-03-03,https://eventlink.com/Aclaro/Spice
Dextromethorphan HBr 15 mg,Huawei,50,2020-03-04,https://eventlink.com/Dextromethorphan_HBr_15_mg/Huawei
OXYGEN,Meizu,451,2024-10-23,https://eventlink.com/OXYGEN/Meizu
buprenorphine hydrochloride and naloxone hydrochloride dihydrate,Innostream,133,2019-07-31,https://eventlink.com/buprenorphine_hydrochloride_and_naloxone_hydrochloride_dihydrate/Innostream
Non Drowsy Day Time,T-Mobile,456,2023-06-23,https://eventlink.com/Non_Drowsy_Day_Time/T-Mobile
Bal-Care DHA,Philips,419,2020-01-14,https://eventlink.com/Bal-Care_DHA/Philips
Isopropyl alcohol,Asus,213,2021-06-04,https://eventlink.com/Isopropyl_alcohol/Asus
benzonatate,Archos,443,2021-05-01,https://eventlink.com/benzonatate/Archos
Help I have allergies,alcatel,342,2019-07-05,https://eventlink.com/Help_I_have_allergies/alcatel
DROPERIDOL,Samsung,3,2024-06-03,https://eventlink.com/DROPERIDOL/Samsung
risperidone,Siemens,573,2021-05-13,https://eventlink.com/risperidone/Siemens
PDI Alcohol Prep Pad,Sony,640,2023-06-25,https://eventlink.com/PDI_Alcohol_Prep_Pad/Sony
Estazolam,Samsung,146,2022-10-11,https://eventlink.com/Estazolam/Samsung
FLUMAZENIL,Celkon,574,2023-04-11,https://eventlink.com/FLUMAZENIL/Celkon
Zoledronic Acid,Asus,45,2020-05-01,https://eventlink.com/Zoledronic_Acid/Asus
GENUINE FIRST AID Emergency Preparedness Contains 167 Pieces,Oppo,334,2023-01-19,https://eventlink.com/GENUINE_FIRST_AID_Emergency_Preparedness_Contains_167_Pieces/Oppo
FaBB Tablets,YU,592,2024-01-20,https://eventlink.com/FaBB_Tablets/YU
Vicks DayQuil,Samsung,393,2023-12-27,https://eventlink.com/Vicks_DayQuil/Samsung
Mandarin Orange Antibacterial Foaming Hand Wash,Plum,654,2020-11-16,https://eventlink.com/Mandarin_Orange_Antibacterial_Foaming_Hand_Wash/Plum
Clonidine Hydrochloride,Philips,487,2022-06-03,https://eventlink.com/Clonidine_Hydrochloride/Philips
Ranitidine Hydrochloride,Panasonic,289,2019-08-19,https://eventlink.com/Ranitidine_Hydrochloride/Panasonic
Timolol Maleate,Panasonic,79,2021-01-01,https://eventlink.com/Timolol_Maleate/Panasonic
triamcinolone acetonide,Yezz,171,2021-02-10,https://eventlink.com/triamcinolone_acetonide/Yezz
SHISEIDO WHITE LUCENT,Lava,565,2021-07-02,https://eventlink.com/SHISEIDO_WHITE_LUCENT/Lava
Propranolol Hydrochloride,Wiko,548,2023-03-05,https://eventlink.com/Propranolol_Hydrochloride/Wiko
RE NUTRIV RADIANT UV BASE,Ulefone,230,2021-08-12,https://eventlink.com/RE_NUTRIV_RADIANT_UV_BASE/Ulefone
Night Time,Gigabyte,568,2022-04-13,https://eventlink.com/Night_Time/Gigabyte
Harvest Grape Antibacterial Foaming Hand Wash,alcatel,140,2024-07-20,https://eventlink.com/Harvest_Grape_Antibacterial_Foaming_Hand_Wash/alcatel
CVS Pharmacy Childrens GLYCERIN SUPPOSITORIES,LG,329,2021-02-26,https://eventlink.com/CVS_Pharmacy_Childrens_GLYCERIN_SUPPOSITORIES/LG
Ziprasidone Hydrochloride,Celkon,535,2021-07-15,https://eventlink.com/Ziprasidone_Hydrochloride/Celkon
Salsalate,Samsung,687,2022-08-24,https://eventlink.com/Salsalate/Samsung
OXY,alcatel,393,2021-10-20,https://eventlink.com/OXY/alcatel
Hand Sanitizer,Samsung,184,2020-01-17,https://eventlink.com/Hand_Sanitizer/Samsung
Face Guard 30 SPF,Nokia,168,2022-09-06,https://eventlink.com/Face_Guard_30_SPF/Nokia
Too Faced BB Creme Complete Coverage Make-Up,Yezz,366,2021-02-13,https://eventlink.com/Too_Faced_BB_Creme_Complete_Coverage_Make-Up/Yezz
Pleo Fort,AT&T,65,2022-08-16,https://eventlink.com/Pleo_Fort/AT&T
Hand Sanitizer,LG,337,2024-09-26,https://eventlink.com/Hand_Sanitizer/LG
Lorazepam,LeEco,183,2022-11-21,https://eventlink.com/Lorazepam/LeEco
Tall Ragweed,Huawei,41,2020-12-24,https://eventlink.com/Tall_Ragweed/Huawei
Lovastatin,Allview,697,2019-03-31,https://eventlink.com/Lovastatin/Allview
WHITE POPLAR POLLEN,BLU,599,2020-01-15,https://eventlink.com/WHITE_POPLAR_POLLEN/BLU
Carvedilol,Karbonn,674,2020-11-29,https://eventlink.com/Carvedilol/Karbonn
Hand Sanitizer,LG,162,2019-10-01,https://eventlink.com/Hand_Sanitizer/LG
Pain Relieving Analgesic,verykool,178,2021-02-06,https://eventlink.com/Pain_Relieving_Analgesic/verykool
Sodium Chloride,Yezz,68,2020-12-31,https://eventlink.com/Sodium_Chloride/Yezz
NATURAL FINISH,Micromax,75,2019-05-29,https://eventlink.com/NATURAL_FINISH/Micromax
maximum strength,Siemens,296,2019-11-08,https://eventlink.com/maximum_strength/Siemens
Lipotox,Micromax,489,2022-07-10,https://eventlink.com/Lipotox/Micromax
Fluorouracil,Nokia,694,2023-10-12,https://eventlink.com/Fluorouracil/Nokia
Acetaminophen and Codeine Phosphate,Sony,693,2023-02-05,https://eventlink.com/Acetaminophen_and_Codeine_Phosphate/Sony
KETOROLAC TROMETHAMINE,Orange,589,2021-05-03,https://eventlink.com/KETOROLAC_TROMETHAMINE/Orange
Sofskin Petroleum,Samsung,547,2020-12-22,https://eventlink.com/Sofskin_Petroleum/Samsung
DERMAKLEAR AKNE TREATMENT WITH SULFUR,Sony,186,2024-07-21,https://eventlink.com/DERMAKLEAR_AKNE_TREATMENT_WITH_SULFUR/Sony
Be gone Stomach Disorders,Nokia,447,2022-11-19,https://eventlink.com/Be_gone_Stomach_Disorders/Nokia
No7 Stay Perfect Foundation Sunscreen SPF 15 Vanilla,BLU,561,2023-04-04,https://eventlink.com/No7_Stay_Perfect_Foundation_Sunscreen_SPF_15_Vanilla/BLU
PECAN POLLEN,LG,91,2020-11-25,https://eventlink.com/PECAN_POLLEN/LG
Sugared Pear Antibacterial Hand Sanitizer,Micromax,321,2023-12-23,https://eventlink.com/Sugared_Pear_Antibacterial_Hand_Sanitizer/Micromax
Mycophenolate Mofetil,Infinix,631,2024-12-14,https://eventlink.com/Mycophenolate_Mofetil/Infinix
Candesartan Cilexetil and Hydrochlorothiazide,OnePlus,244,2023-02-05,https://eventlink.com/Candesartan_Cilexetil_and_Hydrochlorothiazide/OnePlus
NARS,NEC,242,2020-03-30,https://eventlink.com/NARS/NEC
em michelle phan the everything tinted makeup cc,vivo,555,2019-06-09,https://eventlink.com/em_michelle_phan_the_everything_tinted_makeup_cc/vivo
Oxycodone and Acetaminophen,Nokia,146,2019-07-18,https://eventlink.com/Oxycodone_and_Acetaminophen/Nokia
Venlafaxine Hydrochloride,Micromax,349,2023-03-13,https://eventlink.com/Venlafaxine_Hydrochloride/Micromax
Arizona Ash,Honor,252,2021-07-12,https://eventlink.com/Arizona_Ash/Honor
Simvastatin,Plum,520,2019-06-16,https://eventlink.com/Simvastatin/Plum
PRECIOUS BEAUTY SKIN LIGHTENING,Motorola,567,2021-02-16,https://eventlink.com/PRECIOUS_BEAUTY_SKIN_LIGHTENING/Motorola
Anti Acne Natural Volcanic Sulfur,Samsung,502,2020-04-23,https://eventlink.com/Anti_Acne_Natural_Volcanic_Sulfur/Samsung
Ketoprofen,Allview,171,2019-01-10,https://eventlink.com/Ketoprofen/Allview
RISPERIDONE,Sharp,324,2019-03-31,https://eventlink.com/RISPERIDONE/Sharp
Lachesis Mutus,Kyocera,128,2021-06-24,https://eventlink.com/Lachesis_Mutus/Kyocera
Gabapentin,Samsung,40,2024-07-29,https://eventlink.com/Gabapentin/Samsung
OPTICAL ORIGINAL EYE DROPS,Samsung,43,2019-04-23,https://eventlink.com/OPTICAL_ORIGINAL_EYE_DROPS/Samsung
Zidovudine,HTC,523,2024-01-03,https://eventlink.com/Zidovudine/HTC
ESIKA Extreme Moisturizing SPF 16,QMobile,271,2023-05-01,https://eventlink.com/ESIKA_Extreme_Moisturizing_SPF_16/QMobile
Instant Hand Sanitizer Extra Enriched With Vitamin E Bead Vanilla Scent,Motorola,281,2024-01-17,https://eventlink.com/Instant_Hand_Sanitizer_Extra_Enriched_With_Vitamin_E_Bead_Vanilla_Scent/Motorola
Moisture Renew,Nokia,237,2021-01-09,https://eventlink.com/Moisture_Renew/Nokia
Diaper Rash Skin Protectant Crema Cero With Aloe Vera,Gionee,342,2021-07-19,https://eventlink.com/Diaper_Rash_Skin_Protectant_Crema_Cero_With_Aloe_Vera/Gionee
Hydrocortisone,Panasonic,452,2020-01-16,https://eventlink.com/Hydrocortisone/Panasonic
Acetaminophen and Codeine Phosphate,vivo,684,2025-02-22,https://eventlink.com/Acetaminophen_and_Codeine_Phosphate/vivo
Aureobasidium pullulans,Samsung,77,2021-04-13,https://eventlink.com/Aureobasidium_pullulans/Samsung
Aveda Active Composition,Energizer,550,2024-05-02,https://eventlink.com/Aveda_Active_Composition/Energizer
Ketorolac Tromethamine,Nokia,204,2022-06-12,https://eventlink.com/Ketorolac_Tromethamine/Nokia
Meijer Cherry Cough Drops,Philips,52,2024-04-13,https://eventlink.com/Meijer_Cherry_Cough_Drops/Philips
Meijer,LG,249,2024-09-01,https://eventlink.com/Meijer/LG
CLE DE PEAU BEAUTE RADIANT FLUID FOUNDATION,Samsung,579,2021-06-11,https://eventlink.com/CLE_DE_PEAU_BEAUTE_RADIANT_FLUID_FOUNDATION/Samsung
Undecylenic Acid,Honor,337,2019-08-02,https://eventlink.com/Undecylenic_Acid/Honor
ANTIBACTERIAL FOAMING,Motorola,664,2019-07-24,https://eventlink.com/ANTIBACTERIAL_FOAMING/Motorola
Good Neighbor Pharmacy Triple Antibiotic,WND,169,2022-07-09,https://eventlink.com/Good_Neighbor_Pharmacy_Triple_Antibiotic/WND
Haloperidol Decanoate,Asus,383,2021-03-23,https://eventlink.com/Haloperidol_Decanoate/Asus
Strattera,Haier,247,2020-11-17,https://eventlink.com/Strattera/Haier
Novolin,Micromax,523,2024-04-23,https://eventlink.com/Novolin/Micromax
FENOFIBRATE,Samsung,375,2020-08-29,https://eventlink.com/FENOFIBRATE/Samsung
"Standardized Grass Pollen, Fescue, Meadow",Siemens,514,2019-04-29,"https://eventlink.com/Standardized_Grass_Pollen,_Fescue,_Meadow/Siemens"
Doxazosin,i-mobile,691,2023-03-24,https://eventlink.com/Doxazosin/i-mobile
DNA,Allview,358,2021-12-23,https://eventlink.com/DNA/Allview
Hydromorphone Hydrochloride,Nokia,171,2024-01-28,https://eventlink.com/Hydromorphone_Hydrochloride/Nokia
Tampa General Hospital Instant Hand Degermer,ZTE,426,2020-06-24,https://eventlink.com/Tampa_General_Hospital_Instant_Hand_Degermer/ZTE
Lisinopril,verykool,639,2021-09-29,https://eventlink.com/Lisinopril/verykool
Smart Sense Hydrocortisone,i-mate,5,2024-04-15,https://eventlink.com/Smart_Sense_Hydrocortisone/i-mate
MEDI-FIRST Ibuprofen,alcatel,595,2021-12-27,https://eventlink.com/MEDI-FIRST_Ibuprofen/alcatel
Venoforce,XOLO,222,2023-01-28,https://eventlink.com/Venoforce/XOLO
Tamoxifen Citrate,Celkon,587,2023-12-03,https://eventlink.com/Tamoxifen_Citrate/Celkon
Carbidopa and Levodopa,Samsung,113,2020-01-06,https://eventlink.com/Carbidopa_and_Levodopa/Samsung
pediapred,Sony,153,2021-09-04,https://eventlink.com/pediapred/Sony
Folic Acid,Acer,608,2025-05-07,https://eventlink.com/Folic_Acid/Acer
"Pollens - Weeds, Dock/Sorrel Mix",HTC,415,2020-07-07,"https://eventlink.com/Pollens_-_Weeds,_Dock/Sorrel_Mix/HTC"
Day Time Gelcap,Sony,605,2021-04-30,https://eventlink.com/Day_Time_Gelcap/Sony
Timeless EGF Power Eye,ZTE,349,2020-02-17,https://eventlink.com/Timeless_EGF_Power_Eye/ZTE
Sunmark Lubricating Plus,Nokia,85,2021-05-31,https://eventlink.com/Sunmark_Lubricating_Plus/Nokia
Cefprozil,Sony,452,2025-03-19,https://eventlink.com/Cefprozil/Sony
KPP Triple Action,HTC,41,2022-11-22,https://eventlink.com/KPP_Triple_Action/HTC
Lamotrigine,Nokia,387,2021-03-02,https://eventlink.com/Lamotrigine/Nokia
SUSTIVA,Gigabyte,409,2023-01-26,https://eventlink.com/SUSTIVA/Gigabyte
Grapefruit,Huawei,199,2019-05-16,https://eventlink.com/Grapefruit/Huawei
Caraway Seed,Lenovo,295,2023-03-13,https://eventlink.com/Caraway_Seed/Lenovo
CORRECT ESSENTIAL ACTIVATOR,Oppo,563,2023-06-15,https://eventlink.com/CORRECT_ESSENTIAL_ACTIVATOR/Oppo
Hevert,Nokia,541,2021-07-28,https://eventlink.com/Hevert/Nokia
Amlodipine besylate and Atorvastatin calcium,Samsung,235,2021-07-31,https://eventlink.com/Amlodipine_besylate_and_Atorvastatin_calcium/Samsung
Acid Reducer,Gionee,239,2023-11-16,https://eventlink.com/Acid_Reducer/Gionee
KARIVA,Motorola,292,2023-12-04,https://eventlink.com/KARIVA/Motorola
citroma,Yezz,524,2020-08-18,https://eventlink.com/citroma/Yezz
Degree,ZTE,383,2024-01-03,https://eventlink.com/Degree/ZTE
Venlafaxine Hydrochloride,alcatel,392,2019-06-16,https://eventlink.com/Venlafaxine_Hydrochloride/alcatel
Crest Pro-Health HD,BLU,557,2023-06-18,https://eventlink.com/Crest_Pro-Health_HD/BLU
Antibacterial Hand,Micromax,57,2023-04-06,https://eventlink.com/Antibacterial_Hand/Micromax
SUPERDEFENSE DAILY DEFENSE MOISTURIZER BROAD SPECTRUM SPF20 (VERY DRY - DRY COMB),Tecno,542,2020-06-06,https://eventlink.com/SUPERDEFENSE_DAILY_DEFENSE_MOISTURIZER_BROAD_SPECTRUM_SPF20_(VERY_DRY_-_DRY_COMB)/Tecno
Nabumetone,Nokia,588,2023-10-03,https://eventlink.com/Nabumetone/Nokia
Blue Spruce,Acer,393,2023-10-03,https://eventlink.com/Blue_Spruce/Acer
Zidovudine,Huawei,460,2024-08-18,https://eventlink.com/Zidovudine/Huawei
Fioricet,Ulefone,492,2024-12-02,https://eventlink.com/Fioricet/Ulefone
Quetiapine fumarate,Celkon,79,2019-12-25,https://eventlink.com/Quetiapine_fumarate/Celkon
VANACOF DM,alcatel,181,2023-12-17,https://eventlink.com/VANACOF_DM/alcatel
Allergy/Sinus Headache,Energizer,382,2024-07-02,https://eventlink.com/Allergy/Sinus_Headache/Energizer
Pleo San Coli,QMobile,27,2023-06-25,https://eventlink.com/Pleo_San_Coli/QMobile
ESIKA Extreme Moisturizing SPF 16,QMobile,175,2024-01-05,https://eventlink.com/ESIKA_Extreme_Moisturizing_SPF_16/QMobile
BriteSmile,Maxwest,306,2024-08-05,https://eventlink.com/BriteSmile/Maxwest
ZOLPIDEM TARTRATE,XOLO,370,2024-09-13,https://eventlink.com/ZOLPIDEM_TARTRATE/XOLO
Reversion Acne Control,Maxwest,684,2021-02-05,https://eventlink.com/Reversion_Acne_Control/Maxwest
Enteric Coated Aspirin,Motorola,252,2020-12-04,https://eventlink.com/Enteric_Coated_Aspirin/Motorola
Hydroxyzine Hydrochloride,XOLO,503,2022-06-13,https://eventlink.com/Hydroxyzine_Hydrochloride/XOLO
Otis Clapp Ultraprin,Intex,234,2022-03-17,https://eventlink.com/Otis_Clapp_Ultraprin/Intex
SUPERDEFENSE DAILY DEFENSE MOISTURIZER BROAD SPECTRUM SPF20 (VERY DRY - DRY COMB),Tecno,334,2024-12-09,https://eventlink.com/SUPERDEFENSE_DAILY_DEFENSE_MOISTURIZER_BROAD_SPECTRUM_SPF20_(VERY_DRY_-_DRY_COMB)/Tecno
Activella,LG,55,2020-05-30,https://eventlink.com/Activella/LG
Metformin Hydrochloride,Samsung,605,2019-08-22,https://eventlink.com/Metformin_Hydrochloride/Samsung
Guaifenesin,Sony,407,2023-07-18,https://eventlink.com/Guaifenesin/Sony
Enteric Coated Aspirin,Motorola,646,2019-12-18,https://eventlink.com/Enteric_Coated_Aspirin/Motorola
benzonatate,Samsung,698,2019-01-05,https://eventlink.com/benzonatate/Samsung
Blister Blaster,LG,497,2025-01-09,https://eventlink.com/Blister_Blaster/LG
REVITEALIZE,Icemobile,608,2021-01-07,https://eventlink.com/REVITEALIZE/Icemobile
Complete Flu Care 4 Kids,QMobile,331,2020-01-15,https://eventlink.com/Complete_Flu_Care_4_Kids/QMobile
Triamcinolone Acetonide,Acer,465,2019-01-18,https://eventlink.com/Triamcinolone_Acetonide/Acer
"Pollens - Trees, Tree Mix 5",MWg,323,2024-06-20,"https://eventlink.com/Pollens_-_Trees,_Tree_Mix_5/MWg"
Sodium Bicarbonate,Samsung,628,2025-01-04,https://eventlink.com/Sodium_Bicarbonate/Samsung
Scrub Pine,Sony,459,2020-09-01,https://eventlink.com/Scrub_Pine/Sony
TAZTIA,Samsung,258,2019-09-27,https://eventlink.com/TAZTIA/Samsung
GIVEN BY NATURE SHEA BUTTER MASK SHEET,Infinix,315,2023-07-06,https://eventlink.com/GIVEN_BY_NATURE_SHEA_BUTTER_MASK_SHEET/Infinix
Mandarin Orange Antibacterial Foaming Hand Wash,Plum,313,2022-11-07,https://eventlink.com/Mandarin_Orange_Antibacterial_Foaming_Hand_Wash/Plum
Cialis,ZTE,615,2021-03-10,https://eventlink.com/Cialis/ZTE
Atomoxetine hydrochloride,Asus,313,2025-04-13,https://eventlink.com/Atomoxetine_hydrochloride/Asus
Bactestat,Apple,472,2020-01-22,https://eventlink.com/Bactestat/Apple
PERCOCET,Lenovo,449,2021-11-18,https://eventlink.com/PERCOCET/Lenovo
Milk of Magnesia Original,Nokia,112,2020-01-09,https://eventlink.com/Milk_of_Magnesia_Original/Nokia
SUYAN JEONGBAEK,LG,585,2025-01-03,https://eventlink.com/SUYAN_JEONGBAEK/LG
ENJUVIA,Xiaomi,344,2022-05-11,https://eventlink.com/ENJUVIA/Xiaomi
Tiazac Extended Release,alcatel,238,2024-07-31,https://eventlink.com/Tiazac_Extended_Release/alcatel
Terazosin Hydrochloride,Nokia,563,2024-06-10,https://eventlink.com/Terazosin_Hydrochloride/Nokia
Naturals,Huawei,70,2019-05-25,https://eventlink.com/Naturals/Huawei
Assured Day time Cold and Cough,alcatel,183,2020-06-10,https://eventlink.com/Assured_Day_time_Cold_and_Cough/alcatel
BELSOMRA,TCL,141,2019-01-30,https://eventlink.com/BELSOMRA/TCL
Sugared Pear Antibacterial Hand Sanitizer,Micromax,426,2022-02-04,https://eventlink.com/Sugared_Pear_Antibacterial_Hand_Sanitizer/Micromax
Cuprum 17 Special Order,Micromax,497,2024-09-04,https://eventlink.com/Cuprum_17_Special_Order/Micromax
BETHANECHOL CHLORIDE,Micromax,28,2021-02-05,https://eventlink.com/BETHANECHOL_CHLORIDE/Micromax
ABILIFY MAINTENA,Nokia,403,2022-05-09,https://eventlink.com/ABILIFY_MAINTENA/Nokia
Oxygen,Nokia,689,2020-07-16,https://eventlink.com/Oxygen/Nokia
PROTECTOR Alcohol Prep Pad,LG,324,2021-05-21,https://eventlink.com/PROTECTOR_Alcohol_Prep_Pad/LG
Hevert,Nokia,411,2019-05-15,https://eventlink.com/Hevert/Nokia
Mesalamine,Eten,201,2021-09-11,https://eventlink.com/Mesalamine/Eten
Stool Softener,LG,14,2019-12-23,https://eventlink.com/Stool_Softener/LG
Sterile Water,Yezz,665,2020-12-26,https://eventlink.com/Sterile_Water/Yezz
American Elm,T-Mobile,558,2019-07-07,https://eventlink.com/American_Elm/T-Mobile
Intervene Makeup SPF 15 Soft Sunbeige,Samsung,696,2024-04-20,https://eventlink.com/Intervene_Makeup_SPF_15_Soft_Sunbeige/Samsung
Aureobasidium pullulans,Samsung,623,2025-02-09,https://eventlink.com/Aureobasidium_pullulans/Samsung
Atomoxetine hydrochloride,Asus,549,2021-06-18,https://eventlink.com/Atomoxetine_hydrochloride/Asus
Pure Transformation Sheer Fair,Samsung,542,2021-05-06,https://eventlink.com/Pure_Transformation_Sheer_Fair/Samsung
Ranitidine Hydrochloride,Meizu,223,2019-05-11,https://eventlink.com/Ranitidine_Hydrochloride/Meizu
Colgate,ZTE,464,2024-11-26,https://eventlink.com/Colgate/ZTE
Hamster Epithelium,alcatel,686,2019-07-06,https://eventlink.com/Hamster_Epithelium/alcatel
Amitriptyline Hydrochloride,LG,505,2023-08-09,https://eventlink.com/Amitriptyline_Hydrochloride/LG
ESSENTIAL SOLUTION HYALURONIC ACID MASK SHEET,Huawei,176,2021-08-06,https://eventlink.com/ESSENTIAL_SOLUTION_HYALURONIC_ACID_MASK_SHEET/Huawei
Cutiecaine,Motorola,467,2025-01-19,https://eventlink.com/Cutiecaine/Motorola
Atropine,Ericsson,286,2020-05-27,https://eventlink.com/Atropine/Ericsson
Pain Relieving Analgesic,verykool,242,2023-01-04,https://eventlink.com/Pain_Relieving_Analgesic/verykool
Enoxaparin sodium,BLU,234,2025-02-20,https://eventlink.com/Enoxaparin_sodium/BLU
CD DIORSKIN STAR Studio Makeup Spectacular Brightening with sunscreen Broad Spectrum SPF30 033,Pantech,258,2023-05-09,https://eventlink.com/CD_DIORSKIN_STAR_Studio_Makeup_Spectacular_Brightening_with_sunscreen_Broad_Spectrum_SPF30_033/Pantech
Back and Body,Spice,268,2021-10-11,https://eventlink.com/Back_and_Body/Spice
Viscum Echinacea,LG,93,2021-12-30,https://eventlink.com/Viscum_Echinacea/LG
Lusti Profesional Vaporizing Rub,LG,19,2020-03-28,https://eventlink.com/Lusti_Profesional_Vaporizing_Rub/LG
Salsalate,Sony,96,2023-05-10,https://eventlink.com/Salsalate/Sony
VESIcare,Toshiba,513,2019-08-29,https://eventlink.com/VESIcare/Toshiba
Ibuprofen,Realme,485,2022-12-09,https://eventlink.com/Ibuprofen/Realme
Black Walnut,Micromax,391,2023-04-08,https://eventlink.com/Black_Walnut/Micromax
Quetiapine fumarate,Samsung,331,2019-06-07,https://eventlink.com/Quetiapine_fumarate/Samsung
Mirtazapine,Nokia,402,2023-07-19,https://eventlink.com/Mirtazapine/Nokia
IMITREX,Asus,233,2021-04-21,https://eventlink.com/IMITREX/Asus
Treatment Set TS331657,HTC,607,2023-11-17,https://eventlink.com/Treatment_Set_TS331657/HTC
Calendula ex herba 6 Special Order,Lenovo,547,2019-09-09,https://eventlink.com/Calendula_ex_herba_6_Special_Order/Lenovo
Valium,Celkon,645,2022-10-22,https://eventlink.com/Valium/Celkon
Cyproheptadine Hydrochloride,Micromax,176,2020-11-30,https://eventlink.com/Cyproheptadine_Hydrochloride/Micromax
Carvedilol,Karbonn,525,2024-07-29,https://eventlink.com/Carvedilol/Karbonn
Ibuprofen,Motorola,139,2020-08-16,https://eventlink.com/Ibuprofen/Motorola
LAMOTRIGINE,Gionee,361,2023-09-27,https://eventlink.com/LAMOTRIGINE/Gionee
Metformin Hydrochloride,Micromax,150,2019-01-12,https://eventlink.com/Metformin_Hydrochloride/Micromax
SHISEIDO PERFECT REFINING FOUNDATION,Gionee,515,2021-08-01,https://eventlink.com/SHISEIDO_PERFECT_REFINING_FOUNDATION/Gionee
Shopko Hemorrhoidal,Samsung,407,2024-07-05,https://eventlink.com/Shopko_Hemorrhoidal/Samsung
Tussin Sugar Free Cough,ZTE,15,2025-02-06,https://eventlink.com/Tussin_Sugar_Free_Cough/ZTE
CEFADROXIL,Eten,487,2019-11-02,https://eventlink.com/CEFADROXIL/Eten
Furosemide,LG,429,2025-04-22,https://eventlink.com/Furosemide/LG
MediSoft,Apple,357,2023-04-29,https://eventlink.com/MediSoft/Apple
Morphine Sulfate,Wiko,648,2021-06-17,https://eventlink.com/Morphine_Sulfate/Wiko
Trilipix,Celkon,654,2022-09-15,https://eventlink.com/Trilipix/Celkon
Prascion,vivo,569,2024-04-05,https://eventlink.com/Prascion/vivo
Multi Vitamin Infusion,Motorola,386,2023-10-29,https://eventlink.com/Multi_Vitamin_Infusion/Motorola
Flagyl ER,ZTE,620,2022-09-11,https://eventlink.com/Flagyl_ER/ZTE
Stratuscare Milk of Magnesia Cherry,HTC,43,2019-07-18,https://eventlink.com/Stratuscare_Milk_of_Magnesia_Cherry/HTC
Ciloxan,Samsung,394,2021-03-08,https://eventlink.com/Ciloxan/Samsung
Megestrol Acetate,alcatel,37,2020-12-30,https://eventlink.com/Megestrol_Acetate/alcatel
amlodipine besylate,Archos,687,2019-11-07,https://eventlink.com/amlodipine_besylate/Archos
Pramipexole Dihydrochloride,verykool,383,2023-11-21,https://eventlink.com/Pramipexole_Dihydrochloride/verykool
Clonidine Hydrochloride,Philips,162,2023-08-09,https://eventlink.com/Clonidine_Hydrochloride/Philips
good sense miconazole 1,Celkon,7,2024-02-04,https://eventlink.com/good_sense_miconazole_1/Celkon
Fluocinonide,Samsung,48,2024-10-11,https://eventlink.com/Fluocinonide/Samsung
Double Antibiotic,alcatel,512,2023-12-24,https://eventlink.com/Double_Antibiotic/alcatel
Sugared Pear Antibacterial Hand Sanitizer,Micromax,572,2021-03-23,https://eventlink.com/Sugared_Pear_Antibacterial_Hand_Sanitizer/Micromax
Hand Sanitizer,Apple,46,2021-11-02,https://eventlink.com/Hand_Sanitizer/Apple
CLE DE PEAU BEAUTE SHEER FLUID VEIL,Acer,544,2020-10-09,https://eventlink.com/CLE_DE_PEAU_BEAUTE_SHEER_FLUID_VEIL/Acer
Isopropyl Rubbing Alcohol,Haier,528,2020-12-17,https://eventlink.com/Isopropyl_Rubbing_Alcohol/Haier
ESIKA,Huawei,633,2021-07-13,https://eventlink.com/ESIKA/Huawei
FLORIL TEARS,BlackBerry,179,2023-12-29,https://eventlink.com/FLORIL_TEARS/BlackBerry
Leonurus Cardiaca,Eten,389,2024-10-13,https://eventlink.com/Leonurus_Cardiaca/Eten
Kroger,alcatel,322,2020-11-28,https://eventlink.com/Kroger/alcatel
Cephalexin,Micromax,105,2023-01-17,https://eventlink.com/Cephalexin/Micromax
SULAR,Bird,486,2024-03-18,https://eventlink.com/SULAR/Bird
PRENATAL PLUS,Maxwest,632,2022-01-23,https://eventlink.com/PRENATAL_PLUS/Maxwest
Oxygen,LG,409,2020-01-06,https://eventlink.com/Oxygen/LG
Stannum 17 Special Order,Spice,154,2020-06-04,https://eventlink.com/Stannum_17_Special_Order/Spice
SHISEIDO THE MAKEUP FOUNDATION,Asus,68,2023-06-04,https://eventlink.com/SHISEIDO_THE_MAKEUP_FOUNDATION/Asus
Alka-Seltzer Plus,Sony,66,2021-02-21,https://eventlink.com/Alka-Seltzer_Plus/Sony
Epinephrine,Xiaomi,376,2024-04-03,https://eventlink.com/Epinephrine/Xiaomi
Docusate Sodium,HTC,556,2021-03-20,https://eventlink.com/Docusate_Sodium/HTC
GUNA-ANTI IL 1,BLU,472,2024-11-08,https://eventlink.com/GUNA-ANTI_IL_1/BLU
GUINEA PIG HAIR AND EPITHELIA,Micromax,48,2021-04-11,https://eventlink.com/GUINEA_PIG_HAIR_AND_EPITHELIA/Micromax
in control nicotine,Archos,68,2020-03-13,https://eventlink.com/in_control_nicotine/Archos
mark. get a tint,Samsung,313,2019-01-29,https://eventlink.com/mark._get_a_tint/Samsung
Neosporin Plus Pain Relief,Samsung,144,2021-04-14,https://eventlink.com/Neosporin_Plus_Pain_Relief/Samsung
EMEND,Google,432,2023-10-31,https://eventlink.com/EMEND/Google
Zanaflex,Plum,157,2024-05-20,https://eventlink.com/Zanaflex/Plum
"Pollens - Trees, Pine Mix",Gionee,90,2019-03-03,"https://eventlink.com/Pollens_-_Trees,_Pine_Mix/Gionee"
TRUEplus diabetics intensive moisturizing,Lenovo,684,2023-03-14,https://eventlink.com/TRUEplus_diabetics_intensive_moisturizing/Lenovo
Levothyroxine Sodium,Nokia,343,2024-07-09,https://eventlink.com/Levothyroxine_Sodium/Nokia
Docusate Sodium,HTC,298,2022-01-16,https://eventlink.com/Docusate_Sodium/HTC
Duloxetine hydrochloride,Prestigio,496,2023-07-01,https://eventlink.com/Duloxetine_hydrochloride/Prestigio
Synthroid,Samsung,166,2019-02-05,https://eventlink.com/Synthroid/Samsung
Equisteum Iris Rash Relief,Samsung,183,2019-03-04,https://eventlink.com/Equisteum_Iris_Rash_Relief/Samsung
COLLAGEN RESURGENCE STEMCELL BB,Honor,6,2021-02-10,https://eventlink.com/COLLAGEN_RESURGENCE_STEMCELL_BB/Honor
Back and Body,Spice,314,2019-04-20,https://eventlink.com/Back_and_Body/Spice
"Nicotine Polacrilex, Original",Gionee,90,2022-12-30,"https://eventlink.com/Nicotine_Polacrilex,_Original/Gionee"
HurriCaine,Amoi,134,2025-03-09,https://eventlink.com/HurriCaine/Amoi
TOPIRAMATE,verykool,13,2019-10-06,https://eventlink.com/TOPIRAMATE/verykool
Hada Labo Tokyo Protecting Day SPF 30,Lava,664,2021-02-24,https://eventlink.com/Hada_Labo_Tokyo_Protecting_Day_SPF_30/Lava
AZITHROMYCIN,ZTE,550,2021-11-16,https://eventlink.com/AZITHROMYCIN/ZTE
Acarbose,Panasonic,169,2025-03-27,https://eventlink.com/Acarbose/Panasonic
Colgate,BLU,244,2024-11-03,https://eventlink.com/Colgate/BLU
Propranolol Hydrochloride,Philips,408,2019-08-03,https://eventlink.com/Propranolol_Hydrochloride/Philips
Chest Rub,Amoi,474,2021-02-03,https://eventlink.com/Chest_Rub/Amoi
Instant Hand Sanitizer,Nokia,345,2022-09-13,https://eventlink.com/Instant_Hand_Sanitizer/Nokia
Leg Cramps Relief,BLU,567,2019-04-24,https://eventlink.com/Leg_Cramps_Relief/BLU
Protector,Motorola,361,2022-12-16,https://eventlink.com/Protector/Motorola
REFRESH TEARS,Qtek,402,2021-04-20,https://eventlink.com/REFRESH_TEARS/Qtek
Colgate Sensitive Complete Protection,Haier,86,2024-05-31,https://eventlink.com/Colgate_Sensitive_Complete_Protection/Haier
Benazepril Hydrochloride,BLU,375,2023-09-28,https://eventlink.com/Benazepril_Hydrochloride/BLU
Cefdinir,Realme,154,2024-04-01,https://eventlink.com/Cefdinir/Realme
Cattle Epithelium,Motorola,213,2024-08-06,https://eventlink.com/Cattle_Epithelium/Motorola
ADVATE,BenQ,356,2022-06-19,https://eventlink.com/ADVATE/BenQ
Risperidone,BQ,379,2021-11-13,https://eventlink.com/Risperidone/BQ
Aspergillus flavus,QMobile,222,2022-06-30,https://eventlink.com/Aspergillus_flavus/QMobile
AP House Dust Mix,QMobile,205,2020-01-24,https://eventlink.com/AP_House_Dust_Mix/QMobile
Dr. Whitiss (8.3%),Huawei,685,2019-04-07,https://eventlink.com/Dr._Whitiss_(8.3%)/Huawei
heartburn prevention,Micromax,650,2023-06-21,https://eventlink.com/heartburn_prevention/Micromax
Naproxen Sodium,vivo,154,2024-04-15,https://eventlink.com/Naproxen_Sodium/vivo
bisoprolol fumarate and hydrochlorothiazide,Spice,333,2021-12-20,https://eventlink.com/bisoprolol_fumarate_and_hydrochlorothiazide/Spice
AMOXICILLIN AND CLAVULANATE POTASSIUM,Xiaomi,91,2020-03-11,https://eventlink.com/AMOXICILLIN_AND_CLAVULANATE_POTASSIUM/Xiaomi
Asparagus,Allview,34,2022-08-05,https://eventlink.com/Asparagus/Allview
rexall sleep aid,Coolpad,342,2019-03-24,https://eventlink.com/rexall_sleep_aid/Coolpad
Acid Reducer,O2,411,2024-02-07,https://eventlink.com/Acid_Reducer/O2
Good Neighbor Pharmacy Triple Antibiotic,WND,49,2023-06-14,https://eventlink.com/Good_Neighbor_Pharmacy_Triple_Antibiotic/WND
Patch,Samsung,175,2021-09-15,https://eventlink.com/Patch/Samsung
Cilostazol,Honor,112,2025-01-18,https://eventlink.com/Cilostazol/Honor
Felodipine,Samsung,104,2025-01-16,https://eventlink.com/Felodipine/Samsung
Endoxcin,HTC,356,2020-12-22,https://eventlink.com/Endoxcin/HTC
Diaper Rash Skin Protectant Crema Cero With Aloe Vera,Gionee,643,2021-11-12,https://eventlink.com/Diaper_Rash_Skin_Protectant_Crema_Cero_With_Aloe_Vera/Gionee
Senna S,Motorola,87,2022-06-22,https://eventlink.com/Senna_S/Motorola
Q Tussin DM,Sharp,402,2020-01-03,https://eventlink.com/Q_Tussin_DM/Sharp
CVS,Philips,257,2024-04-27,https://eventlink.com/CVS/Philips
STOOL SOFTENER,Samsung,439,2019-10-02,https://eventlink.com/STOOL_SOFTENER/Samsung
Trazodone Hydrochloride,BLU,434,2020-08-18,https://eventlink.com/Trazodone_Hydrochloride/BLU
Good Sense Miconazole 7,Haier,671,2020-02-05,https://eventlink.com/Good_Sense_Miconazole_7/Haier
Potassium Acetate,Allview,615,2024-03-02,https://eventlink.com/Potassium_Acetate/Allview
PRECIOUS BEAUTY SKIN LIGHTENING,Motorola,323,2024-02-22,https://eventlink.com/PRECIOUS_BEAUTY_SKIN_LIGHTENING/Motorola
Shingles Rescue,Cat,360,2020-07-26,https://eventlink.com/Shingles_Rescue/Cat
Aclaro,Spice,159,2023-04-14,https://eventlink.com/Aclaro/Spice
Brimonidine Tartrate,Gionee,558,2019-09-13,https://eventlink.com/Brimonidine_Tartrate/Gionee
LBEL EFFET PARFAIT MINERAL NATURAL SKIN EFFECT MOUSSE FOUNDATION SPF 16,LG,88,2023-08-14,https://eventlink.com/LBEL_EFFET_PARFAIT_MINERAL_NATURAL_SKIN_EFFECT_MOUSSE_FOUNDATION_SPF_16/LG
Hydrogen Peroxide,ZTE,577,2023-11-18,https://eventlink.com/Hydrogen_Peroxide/ZTE
Risperidone,Lenovo,325,2024-08-22,https://eventlink.com/Risperidone/Lenovo
Island Breeze Antibacterial Foaming Hand Wash,Energizer,97,2021-02-01,https://eventlink.com/Island_Breeze_Antibacterial_Foaming_Hand_Wash/Energizer
Pramipexole dihydrochloride,Samsung,680,2021-11-30,https://eventlink.com/Pramipexole_dihydrochloride/Samsung
Oxytocin,HTC,666,2019-08-14,https://eventlink.com/Oxytocin/HTC
Acid Reducer,Vodafone,259,2024-12-07,https://eventlink.com/Acid_Reducer/Vodafone
healthy accents allergy,Samsung,125,2023-04-19,https://eventlink.com/healthy_accents_allergy/Samsung
NARS,NEC,483,2019-10-30,https://eventlink.com/NARS/NEC
Bowel - Digestive Care,Nokia,687,2023-09-29,https://eventlink.com/Bowel_-_Digestive_Care/Nokia
Trival,HP,432,2023-08-23,https://eventlink.com/Trival/HP
White Potato,Siemens,434,2021-01-17,https://eventlink.com/White_Potato/Siemens
Good Neighbor Pharmacy Aspirin,Motorola,435,2023-03-24,https://eventlink.com/Good_Neighbor_Pharmacy_Aspirin/Motorola
cough syrup,Samsung,179,2022-08-27,https://eventlink.com/cough_syrup/Samsung
ELIXOPHYLLIN,Pantech,34,2019-07-10,https://eventlink.com/ELIXOPHYLLIN/Pantech
Synthroid,Allview,356,2024-01-17,https://eventlink.com/Synthroid/Allview
Viokace,alcatel,316,2023-03-05,https://eventlink.com/Viokace/alcatel
