idU,nom_reseau,pseudo
318,TF1+,jramsdale0
989,Balenciaga,cnodes1
891,Youtube,eslinn2
808,Twitter,khenighan3
138,Netflix,tdumbleton4
319,Uber Eats,tsibbson5
32,HBO,rembra6
577,Emporio Armani,odennis7
478,LetterBox,hcarr8
299,Hermes,wtrobridge9
86,HBO,flimona
340,M6,agedgeb
530,Twitter,carseyc
788,Twitch,tgathererd
108,Amazon,jkenafaquee
599,Twitch,jramsellf
367,The Fork,eevansg
56,Ticketmaster,smedlerh
363,Twitter,ssimeonii
642,McDo,kvalesj
691,Louis Vuitton,acaulcottk
408,Youtube,gstrongitharml
747,LetterBox,qhigganm
603,Burger King,bwooffittn
304,Uber Eats,jshereo
902,Twitter,dkearnsp
568,Emporio Armani,ktrudgeonq
895,iMDB,klauksr
397,Strava,sfiltnesss
454,Ticketmaster,cfullickt
934,Shein,kreaneyu
111,Instagram,pchaineyv
43,LetterBox,cdetocquevillew
189,iMDB,mnajerax
794,Twitch,tmcphilemyy
921,Burger King,dtrickeyz
221,H&M,mgipp10
361,Amazon,evinick11
981,H&M,hhargrove12
971,TF1+,vlarcher13
634,Audible,msebright14
104,HBO,cbilbrey15
265,Netflix,idiamond16
418,KFC,ewallman17
836,"",rlownes18
920,LetterBox,ahaggar19
951,H&M,valkin1a
111,"",worringe1b
447,Balenciaga,gbiagini1c
878,Twitch,krenvoise1d
235,Youtube,fheaselgrave1e
510,"",khayle1f
88,TF1+,mglasspoole1g
134,Burger King,acondon1h
381,"",bbarcke1i
500,Paramount+,msollowaye1j
532,"",mmckall1k
566,iMDB,lrowat1l
225,Youtube,uclacey1m
580,M6,sgoulding1n
721,Instagram,fdurnin1o
778,Amazon,flanchbury1p
149,McDo,bpitcock1q
258,Vinted,ptweedy1r
101,H&M,epittford1s
800,TikTok,udenyakin1t
125,Netflix,stilney1u
69,TikTok,lriall1v
572,iMDB,eimms1w
553,Netflix,mcamelli1x
173,Vinted,bkahn1y
251,Twitch,fcarrick1z
79,M6,ltelford20
181,Uber Eats,mmckim21
519,Vinted,crestieaux22
795,Youtube,todell23
647,HBO,adovidaitis24
89,Amazon,lrutledge25
127,Ticketmaster,ehawkshaw26
79,Youtube,apett27
945,Vinted,geburah28
996,McDo,ahindmoor29
449,Shein,jrantoull2a
767,Audible,lfell2b
887,Louis Vuitton,ccobbing2c
554,Twitch,lrohlfing2d
135,Uber Eats,aberthouloume2e
79,Amazon,bbareham2f
173,HBO,chelks2g
477,Shein,rheis2h
593,LetterBox,ahazelgrove2i
457,Paramount+,toxlee2j
645,McDo,jattenbrough2k
510,LetterBox,jhadlow2l
469,Audible,dgriffen2m
794,Vinted,fmell2n
515,Foodvisor,agever2o
513,M6,tleyburn2p
84,Strava,lfilippello2q
681,Uber Eats,bberndtsson2r
823,iMDB,bdimblebee2s
226,Strava,wmartinson2t
654,The Fork,dferenc2u
976,KFC,kyewdell2v
42,Twitter,bcuffley2w
273,Shein,grhucroft2x
629,LetterBox,ekienl2y
986,Balenciaga,cdumpleton2z
332,Vinted,lolney30
908,M6,tdelves31
791,Netflix,colivello32
323,Foodvisor,cspering33
288,Audible,eeccleshare34
858,Emporio Armani,msooper35
415,Instagram,ybedrosian36
954,Amazon,ncaswall37
45,Instagram,amaddinon38
865,The Fork,eroalfe39
353,Uber Eats,omatei3a
48,The Fork,lbristo3b
774,Facebook,tbuff3c
107,McDo,bfarndell3d
327,Instagram,lpoleykett3e
593,The Fork,rwilfing3f
556,iMDB,mmulvagh3g
957,TikTok,cdemendoza3h
829,M6,larchley3i
379,Instagram,ehalden3j
315,HBO,ttilliards3k
882,TikTok,dandriesse3l
579,H&M,jgoundry3m
746,M6,tbannester3n
487,The Fork,bcharlton3o
656,Balenciaga,jwombwell3p
489,KFC,jwickes3q
454,Foodvisor,kwilleman3r
744,Twitter,lmessruther3s
948,TF1+,vfazzioli3t
214,Youtube,fberthomieu3u
892,TF1+,cpinnick3v
821,H&M,ffoxall3w
551,Hermes,driglesford3x
584,TikTok,nhillitt3y
509,TF1+,atolley3z
732,Shein,tdalgliesh40
165,iMDB,abartaletti41
337,Youtube,bwheaton42
233,TF1+,gmizen43
988,TF1+,fbestiman44
457,KFC,eharcourt45
522,HBO,kmacnamara46
183,TF1+,bderoeck47
325,Audible,jpaulillo48
194,H&M,wgilroy49
600,Instagram,zkohen4a
988,H&M,oavramovitz4b
636,Amazon,nmembry4c
238,Foodvisor,hseignior4d
913,KFC,tbringloe4e
944,LetterBox,vgrigs4f
413,Balenciaga,arubee4g
817,H&M,prehn4h
545,KFC,sliley4i
657,Burger King,msteaning4j
779,Instagram,kfreyn4k
390,Ticketmaster,saitken4l
178,"",peskell4m
174,Twitch,ncumo4n
739,Hermes,lchese4o
905,Paramount+,acottell4p
167,Uber Eats,rhedan4q
524,Emporio Armani,cskoughman4r
481,Ticketmaster,ksanper4s
193,Emporio Armani,awinterflood4t
467,Youtube,belce4u
441,Twitch,shaggett4v
434,Uber Eats,cabell4w
282,Amazon,lwyllcocks4x
467,Burger King,rvasilik4y
560,Twitch,dgallaway4z
195,Hermes,hcurd50
729,Balenciaga,lskuse51
322,Shein,obates52
857,Emporio Armani,darr53
98,KFC,afourcade54
442,iMDB,llainge55
428,Paramount+,criccardi56
397,LetterBox,dfraser57
671,Twitter,nfuster58
937,Balenciaga,gklaussen59
296,Louis Vuitton,enozzolii5a
236,Balenciaga,bzavittieri5b
30,Audible,dhollyman5c
667,Amazon,avauter5d
379,Facebook,ddecroix5e
227,"",cmccroary5f
173,Vinted,mgeal5g
268,Youtube,jropkes5h
28,HBO,tbrando5i
456,Ticketmaster,tsalamon5j
203,McDo,scuphus5k
985,Uber Eats,fhoudmont5l
523,Paramount+,pgooderham5m
809,Hermes,marrighini5n
235,H&M,mpanting5o
394,LetterBox,flagen5p
919,H&M,dollier5q
306,Vinted,mhedlestone5r
943,HBO,lcant5s
546,H&M,ktombleson5t
319,Uber Eats,dgraal5u
674,Foodvisor,nkermode5v
340,Ticketmaster,sbeany5w
782,Louis Vuitton,rrundall5x
229,Louis Vuitton,smabbs5y
343,KFC,mdedei5z
724,Ticketmaster,scollcott60
469,McDo,rcoppin61
277,HBO,ghowford62
779,Emporio Armani,lavann63
25,Uber Eats,asline64
228,Instagram,jlegerwood65
761,Twitch,mdandy66
997,iMDB,wmcindoe67
495,KFC,vvasin68
855,Strava,clowcock69
500,McDo,lculy6a
631,Instagram,mschmuhl6b
266,Paramount+,tmcleman6c
986,Netflix,shuygen6d
862,Amazon,cchiswell6e
709,Burger King,lvogele6f
530,Louis Vuitton,lgillaspy6g
556,TikTok,cdivine6h
303,Paramount+,gbaumann6i
138,Paramount+,ndurrand6j
751,Netflix,epeppard6k
483,McDo,tsalvidge6l
550,HBO,rslobom6m
374,Uber Eats,jolorenshaw6n
716,Twitch,nsandels6o
929,Ticketmaster,choutby6p
738,Emporio Armani,goconnolly6q
656,LetterBox,jfrosch6r
571,M6,jchamley6s
688,Shein,fskullet6t
667,M6,fambroz6u
329,McDo,bfrandsen6v
991,Amazon,achoat6w
494,iMDB,tferreiro6x
722,LetterBox,aboden6y
45,Ticketmaster,ebranchflower6z
379,Instagram,gmalkie70
442,Vinted,aantcliffe71
905,iMDB,ygrimestone72
884,Emporio Armani,dfrostdicke73
838,Foodvisor,ggrantham74
609,Paramount+,maulds75
842,Facebook,mstpierre76
237,Uber Eats,kyorkston77
620,KFC,lhuncoot78
796,H&M,tcrinson79
810,Paramount+,lzecchii7a
83,Netflix,tkonneke7b
449,Foodvisor,mburlingham7c
476,Louis Vuitton,njurzyk7d
972,Louis Vuitton,dharyngton7e
606,Audible,hwathan7f
68,Twitch,mdelle7g
665,TikTok,gdarbon7h
323,McDo,ekobieriecki7i
97,Burger King,pdomnick7j
58,Louis Vuitton,mandreev7k
443,TF1+,scroston7l
976,Hermes,codell7m
375,Amazon,sdanilchev7n
388,Paramount+,bphlippi7o
510,H&M,fparker7p
923,KFC,sfay7q
802,Strava,cbolden7r
730,Strava,tmceneny7s
647,McDo,kragg7t
889,Audible,scornick7u
621,Strava,rkemston7v
541,McDo,ssnaddon7w
514,Louis Vuitton,cdenizet7x
657,Uber Eats,pfligg7y
19,The Fork,cskittrell7z
429,Strava,cbiddles80
123,Audible,egame81
367,"",mmorad82
310,M6,mcowx83
436,Uber Eats,psolway84
445,HBO,imaskall85
863,Twitter,mbakhrushkin86
984,Balenciaga,tmcgraffin87
7,Vinted,mspaven88
590,Youtube,abachmann89
689,Youtube,nquigg8a
82,Strava,dayree8b
987,Hermes,gfuentez8c
873,Paramount+,ageertsen8d
988,TikTok,bajam8e
470,Netflix,cfurtado8f
687,"",hpuleque8g
414,HBO,ayarnley8h
449,Balenciaga,twilleman8i
689,LetterBox,bganley8j
590,Netflix,itomasek8k
199,Emporio Armani,mpidgin8l
712,TikTok,fhoff8m
590,LetterBox,trollings8n
843,TikTok,aoxenbury8o
671,Audible,criggulsford8p
672,HBO,rraithbie8q
275,Vinted,tmoreland8r
462,Netflix,bchomicki8s
834,Twitch,sdelazenne8t
18,Youtube,gfebry8u
470,KFC,jlangeren8v
450,Amazon,jgurnett8w
170,Foodvisor,adehoogh8x
715,Foodvisor,dyetton8y
208,The Fork,ahowells8z
179,Louis Vuitton,rcordelet90
187,Twitter,creely91
590,Paramount+,danniwell92
228,The Fork,aclaasen93
645,LetterBox,hskitral94
739,H&M,tlegalle95
714,KFC,bjanuaryst96
740,The Fork,rronchi97
739,Emporio Armani,lforsbey98
482,Ticketmaster,amines99
843,Uber Eats,bwiersma9a
275,Amazon,ckingswood9b
168,LetterBox,dosharry9c
326,Vinted,fcahey9d
381,Netflix,lgilderoy9e
771,Burger King,emingardi9f
731,Audible,clarder9g
153,Vinted,adumpleton9h
379,Netflix,ctippett9i
513,Instagram,bizkovicz9j
846,Foodvisor,fsalmon9k
420,Emporio Armani,washtonhurst9l
963,Amazon,bmanach9m
818,Youtube,dkroin9n
231,Shein,jwillerson9o
735,Ticketmaster,ngounot9p
621,Ticketmaster,sogrady9q
824,Foodvisor,ianthill9r
401,Strava,gabsolon9s
282,H&M,mschule9t
701,Burger King,bbleiman9u
6,Hermes,etravis9v
522,Audible,sjakeman9w
296,TikTok,esarjent9x
818,Emporio Armani,fglover9y
498,TikTok,sleleu9z
568,Audible,kreadwinga0
243,Foodvisor,alightwinga1
8,Amazon,ibaystona2
266,Foodvisor,obeenhama3
721,Facebook,aloggiea4
963,TikTok,hthreddera5
130,Netflix,arubrowa6
45,Youtube,mhebblethwaitea7
211,Facebook,cchappellea8
516,Netflix,askitcha9
134,Uber Eats,dchetwindaa
471,TikTok,adeeneyab
852,KFC,ldalbyac
84,Emporio Armani,clarnad
292,Twitch,ostiellae
121,Ticketmaster,ekerfootaf
886,Shein,rscammondenag
767,Shein,cszymanskiah
793,Ticketmaster,lsibbitai
29,TF1+,clarimeraj
681,Vinted,cbulchak
974,Ticketmaster,akemberal
293,Ticketmaster,qbrutonam
679,H&M,tbresnenan
820,H&M,yhousonao
276,Facebook,mdudingap
464,M6,dwaterhousaq
287,H&M,rbubbinsar
660,Hermes,smacnameeas
316,TikTok,rstaintonat
269,Shein,basplinau
521,Balenciaga,asalsburyav
848,Facebook,tmantrupaw
777,Amazon,tgarralsax
967,Twitter,cwestpfelay
784,HBO,jpollastrinoaz
57,Vinted,rnittib0
792,Twitch,ktidbaldb1
72,The Fork,bjandlb2
391,Strava,ldurtnalb3
436,Emporio Armani,ameadeb4
488,iMDB,uellswortheb5
207,The Fork,bgettyb6
919,HBO,smcnultyb7
710,Foodvisor,cgatherb8
582,LetterBox,cpetrovykhb9
837,Facebook,dkierba
8,Emporio Armani,sduredenbb
661,Twitter,kgherardescibc
205,The Fork,npitcherbd
825,Audible,sspibybe
554,Uber Eats,cdounbarebf
537,TikTok,rvanderweedenburgbg
286,Paramount+,tphilliphsbh
806,Uber Eats,iosheilsbi
668,Shein,mleafebj
778,The Fork,cinglesfieldbk
302,Shein,jpalffybl
62,TikTok,uscrivinbm
230,H&M,aaleixobn
129,H&M,sburroughesbo
111,Balenciaga,atorrejonbp
360,McDo,lfeatherbiebq
980,Vinted,krubicabr
704,McDo,dcolebournebs
341,Amazon,tastybt
182,Paramount+,rantoszewskibu
478,Vinted,mmichelottibv
227,Uber Eats,hkornelukbw
867,Foodvisor,rweldsbx
631,TF1+,tebblesby
361,Twitch,vsykesbz
142,Twitter,rmoralesc0
361,Strava,celfordc1
73,Audible,vguestc2
545,Uber Eats,aduddingc3
863,Audible,adifriscoc4
595,Vinted,xpechanc5
529,Ticketmaster,dperettc6
655,McDo,bmowburyc7
421,Instagram,jmarklundc8
72,TikTok,byegorkinc9
465,Shein,kidaleca
485,LetterBox,pmattingleycb
284,Twitch,hpolkcc
593,McDo,sjackalincd
659,Instagram,hcaddiesce
623,HBO,ccurreycf
12,Instagram,pjirucg
30,McDo,mberefordch
436,Vinted,smatheyci
952,Ticketmaster,kfanshawcj
584,Twitch,kjanosck
266,Strava,ccustardcl
454,Paramount+,mastoncm
299,Netflix,jpowlettcn
700,The Fork,fvangoco
191,Strava,nconklingcp
737,Paramount+,lberzonscq
593,Ticketmaster,ddrippcr
400,Twitch,mshankcs
195,Instagram,malejandroct
546,LetterBox,stomaszczykcu
317,HBO,hheindlecv
371,"",alardiercw
343,McDo,amcmurrayacx
169,Vinted,amagogcy
180,HBO,kkitchercz
660,LetterBox,psherynd0
72,Twitter,gfilinkovd1
1,Burger King,dstevanid2
532,The Fork,dpriestmand3
513,HBO,gledekerd4
47,Audible,knorsterd5
528,TF1+,mgustusd6
439,Amazon,mpapaminasd7
59,Strava,abaynhamd8
586,"",abaloghd9
225,TikTok,aashfieldda
306,Netflix,kguicharddb
566,Paramount+,nmassondc
471,M6,mclivedd
762,Burger King,agornalde
783,Ticketmaster,kokeeffedf
637,Hermes,nhoverdg
92,Instagram,dpenninidh
112,"",cgillaspydi
57,Burger King,rwoollcottdj
469,Twitter,ialeksichdk
432,HBO,dguestdl
641,Youtube,bcleeverdm
374,TikTok,maddymandn
45,Twitter,dpohldo
611,KFC,mormonddp
620,Emporio Armani,ftoopindq
917,Netflix,rboothmandr
635,Vinted,rkohlerds
32,The Fork,ttorrentdt
890,Netflix,mcaesardu
685,The Fork,hgounetdv
874,Vinted,afeehilydw
242,McDo,dcollumdx
485,Ticketmaster,gclewesdy
641,Emporio Armani,lblewdz
34,iMDB,rravele0
766,TF1+,wwoolline1
160,Uber Eats,goshevline2
472,Burger King,klindelle3
12,Strava,okytleye4
277,M6,bworrelle5
902,Ticketmaster,kponde6
167,Twitter,ctregiene7
397,TikTok,bvinsene8
743,Twitch,ktregennae9
248,Facebook,lmccowanea
270,Vinted,sstarkeb
267,McDo,vswiresec
773,Youtube,psackered
226,LetterBox,etomalinee
355,Facebook,pclareyef
467,Uber Eats,fbrinkwortheg
359,Uber Eats,calpineeh
799,M6,wpahlerei
55,Twitch,rorringej
593,Foodvisor,lbleazardek
349,Foodvisor,aregardsoeel
545,M6,kmariaudem
569,Shein,ashawellen
56,Amazon,wcallardeo
529,Vinted,hpierceep
594,M6,hrolfinieq
135,Netflix,rchieseer
605,The Fork,gtyghtes
972,iMDB,mraviliouset
770,McDo,mswadlineu
786,TF1+,sbeedomev
336,Strava,ntedderew
628,Burger King,hyearnsleyex
908,Uber Eats,garnowitzey
909,H&M,ewallwoodez
742,Amazon,ngivenf0
929,Shein,aambroixf1
618,H&M,lfrancombef2
536,iMDB,lcohrsf3
686,iMDB,iyof4
206,"",tbattersonf5
619,Amazon,vcarwardinef6
997,Emporio Armani,gdudleyf7
79,Uber Eats,griddlef8
812,LetterBox,sledinghamf9
89,Facebook,pairdsfa
28,Netflix,kbendsonfb
978,Burger King,smclachlanfc
390,Burger King,jdoelfd
802,KFC,emuzzallfe
948,Ticketmaster,mohanlonff
963,Vinted,ilesperfg
825,HBO,ntunnahfh
339,Shein,gborwickfi
624,KFC,acordlefj
714,M6,vledesfk
558,LetterBox,tcoppinsfl
426,Amazon,mschwierfm
788,The Fork,olamzedfn
518,Hermes,daustwickfo
978,Strava,dwhitehousefp
34,M6,zblunderfieldfq
922,M6,jwiddowsfr
36,Netflix,bscowenfs
337,Uber Eats,jscroxtonft
421,McDo,mnegalfu
889,Burger King,tchapellefv
808,KFC,emalefw
582,McDo,imackeefx
245,Youtube,bvidlerfy
845,Facebook,mgirdwoodfz
918,Balenciaga,rbritcherg0
965,Twitch,lboalg1
244,Uber Eats,erickerbyg2
73,"",hballintyneg3
435,Foodvisor,lcuxong4
117,Ticketmaster,cseedhouseg5
616,Twitch,tingerithg6
390,TF1+,kbeiderbeckeg7
727,Hermes,aclaffeyg8
531,HBO,esempillg9
347,The Fork,krenshallga
406,M6,gpynnergb
814,M6,ewhittlesgc
500,Netflix,mparisgd
530,Vinted,ldakege
618,Hermes,gfairholmegf
137,Ticketmaster,ngasgarthgg
400,Amazon,rmacmakingh
803,Strava,dsagersongi
451,"",hwhitrodgj
925,Emporio Armani,mbunninggk
139,Emporio Armani,wmacguffiegl
56,KFC,mhanwellgm
762,HBO,mdightgn
880,Balenciaga,mianittigo
977,Twitch,scolliargp
796,Louis Vuitton,ntruettgq
513,Amazon,gcastanegr
323,"",dchattingtongs
528,Netflix,kbednellgt
965,Emporio Armani,dbamlettgu
756,Balenciaga,acarvergv
352,Amazon,ooddagw
674,Audible,pcarthewgx
333,Youtube,kbiaggionigy
81,iMDB,abeagleholegz
174,Louis Vuitton,rwedgbrowh0
300,LetterBox,fsegerh1
133,H&M,mmcgreilh2
860,Twitch,lwashbrookh3
946,Louis Vuitton,nvockinsh4
927,M6,kcrookstonh5
657,Vinted,jbaldenh6
68,TF1+,ktollidayh7
353,Balenciaga,hgwinh8
725,HBO,dmackaigh9
369,TF1+,losbourneha
353,M6,bwiddowshb
777,KFC,ejehanhc
842,Youtube,kamorhd
306,Uber Eats,dbucknallhe
377,Ticketmaster,scadwellhf
674,Audible,cbotthg
702,H&M,gfearnyoughhh
917,The Fork,gharriskinehi
947,Ticketmaster,tchennellshj
786,Youtube,lmathwenhk
695,Facebook,swallworkhl
283,TF1+,tcollimorehm
696,Emporio Armani,smousbyhn
505,TikTok,gouslemho
271,Vinted,bberggrenhp
360,HBO,cbonyhq
38,M6,bbowkerhr
230,Balenciaga,rsetterthwaiths
274,Twitter,idewht
649,TF1+,wkilkennyhu
548,Facebook,sraisbeckhv
439,HBO,pknatthw
357,Twitch,morbinehx
80,Vinted,dtunnockhy
873,Instagram,bheeleyhz
929,Shein,sawdryi0
193,Shein,roiseaui1
358,Louis Vuitton,playbournei2
326,Burger King,ghaineyi3
85,Ticketmaster,sremirezi4
667,Louis Vuitton,rlucieni5
874,The Fork,hscriveneri6
880,HBO,icookei7
190,Facebook,cbrazuri8
88,Netflix,gantrobusi9
862,TF1+,jemanueleia
593,TikTok,emattecotib
273,iMDB,hhumburtonic
134,Vinted,csindersonid
81,Twitch,afridayeie
584,Vinted,shayneif
589,Twitch,lswyndleyig
637,KFC,ssteningih
587,Netflix,ematejkaii
944,Ticketmaster,esaltreseij
613,Instagram,pmedlinik
402,Strava,ehoveil
117,Paramount+,dromeufim
545,iMDB,vjerromin
64,Strava,ahurleyio
661,McDo,rboissierip
114,KFC,smadisoniq
826,Shein,bmcteagueir
401,Audible,rbarneyis
690,The Fork,obrentonit
503,Ticketmaster,rsorroiu
365,HBO,sveroiv
212,LetterBox,amillomiw
830,Louis Vuitton,bglitherowix
193,Audible,jfraczekiy
285,Hermes,cballeineiz
190,Youtube,ryakhinj0
940,Instagram,cpounderj1
613,Shein,bcombenj2
926,Twitter,tkubachj3
474,Netflix,parnoldij4
214,Vinted,aprevostj5
692,Twitch,thazelbyj6
129,TF1+,cbrittinj7
660,Hermes,bmarriagej8
723,KFC,zdefreynej9
299,Twitter,mghelardonija
613,H&M,bpenhalljb
725,M6,mcheersjc
692,Amazon,mdeftiejd
799,KFC,kpodsje
799,HBO,bscandwrightjf
960,Vinted,hredhillsjg
406,Emporio Armani,mbresnenjh
576,The Fork,dlambrichtji
613,LetterBox,cpelosijj
497,McDo,klummisjk
354,Twitch,cmardlingjl
593,McDo,gkimmerlingjm
525,Uber Eats,jponsfordjn
539,Facebook,stallentjo
572,Balenciaga,hmerricksjp
546,TF1+,twrethamjq
265,Strava,mcorainjr
253,H&M,ttchirjs
958,Audible,ebaileyjt
372,Facebook,mrultenju
796,HBO,adutnelljv
756,M6,apittamjw
280,Vinted,tbelvardjx
65,Foodvisor,skoschkejy
332,Foodvisor,sdunniomjz
620,Burger King,alettsonk0
620,Balenciaga,pstanexk1
410,TF1+,eflayk2
152,McDo,plaweek3
474,McDo,hhostank4
650,Vinted,ogarretk5
834,McDo,spykermank6
114,Emporio Armani,mmcandiek7
396,Amazon,apechetk8
769,Foodvisor,kvidlerk9
668,Paramount+,bwhitfeldka
889,Louis Vuitton,hferrynkb
458,LetterBox,mgrowdenkc
626,Foodvisor,hpurseglovekd
845,iMDB,ngibbeke
750,Twitter,mpetrakkf
542,Facebook,rlambertciorwynkg
867,LetterBox,gmactavishkh
17,Ticketmaster,ayettonki
835,McDo,djosephsonkj
665,Uber Eats,jbombkk
3,Instagram,aspennockkl
164,Strava,dgurkokm
72,TikTok,cindekn
586,Ticketmaster,ngronewayko
750,Hermes,ffarloekp
107,Ticketmaster,jbourbonkq
321,Facebook,lcamplingkr
273,McDo,hmockettks
671,Facebook,keckersleykt
819,LetterBox,mradbornku
426,McDo,cvanyukovkv
936,Audible,jtoffolinikw
275,Paramount+,heverykx
198,Paramount+,gkiddyeky
746,iMDB,dtresslerkz
700,M6,tfairningtonl0
979,Twitch,rhorselll1
156,Netflix,vpowersl2
257,Paramount+,cbutlerbowdonl3
31,"",bdowtryl4
538,Foodvisor,jjoinsonl5
282,LetterBox,rprykel6
121,Balenciaga,bmaldinl7
493,Uber Eats,wweirl8
213,Balenciaga,djobl9
790,Facebook,sbellwoodla
864,KFC,aberthelb
59,The Fork,aroonylc
579,Foodvisor,dbloseld
31,M6,mallmarkle
447,Shein,gbrenstuhllf
840,Emporio Armani,courylg
224,Netflix,bmattinsonlh
115,TF1+,klongthornli
801,LetterBox,fcalderheadlj
139,Uber Eats,mcastendalk
69,Netflix,tannesll
428,iMDB,mbonderlm
777,Instagram,qelderkinln
90,Amazon,aglaysherlo
298,Strava,amanderlp
516,Balenciaga,lleserlq
51,Burger King,rcampeylr
163,Vinted,tburgottls
220,Youtube,jmulhalllt
981,Audible,dprobynlu
856,LetterBox,cvidyapinlv
887,McDo,cthorleylw
530,TF1+,ngammadelx
455,Emporio Armani,rdifrancecshily
3,Facebook,pdenisevichlz
929,TikTok,ashamam0
179,Shein,vmorehallm1
568,Twitch,pholtawaym2
706,Twitter,ekrysiakm3
526,Amazon,lwigzellm4
846,Vinted,gwoolvinm5
276,Shein,ppackwoodm6
618,Burger King,jjenkinsonm7
496,Burger King,aalenovm8
997,Facebook,agreensallm9
787,Emporio Armani,pgaifordma
267,Shein,truzekmb
309,Youtube,fcliftonmc
741,Hermes,craultmd
416,"",dfassamme
290,Facebook,lscholtemf
383,Burger King,fcluesmg
423,Vinted,cohartnettmh
256,iMDB,rchopinmi
270,Shein,oleehanemj
379,Emporio Armani,igalleymk
750,Balenciaga,cwoodnuttml
638,Balenciaga,nsattinmm
528,Vinted,wcornelymn
663,Netflix,lblakeboroughmo
520,"",cmcmackinmp
875,Hermes,idabournemq
146,Uber Eats,rthewlesmr
953,Audible,gbloisms
762,iMDB,jfrearmt
445,Netflix,lmcclymondmu
194,Youtube,dkubacekmv
513,McDo,nlejeanmw
982,Amazon,rmartinovicmx
642,Louis Vuitton,smattinmy
569,Hermes,kbasermz
473,Youtube,bgallandren0
283,The Fork,lfalkousn1
286,Instagram,jsummertonn2
198,Netflix,ssheehann3
567,Emporio Armani,cdanhern4
735,Amazon,tsudyn5
427,Ticketmaster,bdimberlinen6
987,Netflix,astickellsn7
275,HBO,akurtisn8
664,The Fork,aladenn9
865,Balenciaga,fgreallyna
835,"",bhairesnapenb
841,Hermes,abernardesnc
193,Shein,mpond
13,Ticketmaster,jcoverdillne
69,KFC,cjeckellnf
849,Youtube,vdanseyng
299,LetterBox,econeleynh
402,Youtube,thagartni
812,TikTok,tdickynj
758,Vinted,ewaggattnk
573,McDo,hstellinonl
417,iMDB,eabramamovhnm
553,Hermes,daspnn
389,Facebook,jpickthornno
43,Strava,flemmertznp
190,Facebook,lbendinnq
735,Balenciaga,kbriandnr
366,KFC,cchiesens
53,Balenciaga,nmatejicnt
165,Uber Eats,lredfordnu
687,Emporio Armani,bprosenv
470,Louis Vuitton,nwenzelnw
826,iMDB,cbiskupiaknx
179,H&M,dspruceny
423,Hermes,bodonovannz
187,TikTok,sclotworthyo0
520,McDo,sdiangeloo1
105,Paramount+,rdarbono2
65,Balenciaga,ikitteridgeo3
564,KFC,gbrinsdeno4
704,H&M,aklimao5
252,TikTok,mmanhoodo6
452,Emporio Armani,salstero7
313,Twitch,fchalcrafto8
711,Strava,edickeo9
319,Netflix,yfilipyevoa
770,Uber Eats,zpetkovob
687,Twitter,ffilderyoc
9,Vinted,zkoubekod
279,KFC,bfilleryoe
615,Burger King,shairesnapeof
755,Louis Vuitton,mohickeeog
481,Ticketmaster,tstaleyoh
915,Amazon,mholdinoi
697,Amazon,rgalfouroj
24,H&M,cblakeleyok
794,Audible,arydeardol
404,KFC,npontenom
909,Burger King,gstrathearnon
167,Vinted,mmatusevichoo
329,LetterBox,glivingstoneop
472,Balenciaga,mmeinekingoq
960,Instagram,rlamburnor
638,Paramount+,agiurioos
85,Louis Vuitton,ecrecyot
715,Instagram,jvasyuchovou
425,Burger King,rbutchartov
414,M6,jpiddockow
642,Louis Vuitton,cmindenhallox
565,Audible,rskoneoy
854,TikTok,vcrosskilloz
930,TikTok,felgarp0
523,"",rharewoodp1
493,McDo,pstuddep2
764,The Fork,gbertsonp3
366,Ticketmaster,mhowgegop4
986,Shein,ttivolierp5
963,Audible,srodgep6
266,KFC,mdaicep7
348,Louis Vuitton,lmoorep8
517,Shein,astapletonp9
770,HBO,mesterbrookpa
328,Vinted,ucudbypb
893,KFC,aheinkepc
945,Ticketmaster,sdelberguepd
748,The Fork,abroadwoodpe
337,HBO,mosoriopf
443,TF1+,mmcgirlpg
437,Amazon,pitzaksonph
644,M6,eurionpi
346,TF1+,nwoolstonpj
692,TF1+,fcathenodpk
95,Paramount+,jhedlingpl
950,Netflix,casliepm
646,Emporio Armani,jeverspn
770,Twitch,csamartpo
637,Youtube,rgyrgorcewicxpp
825,Ticketmaster,rpideonpq
124,"",lcherrisonpr
369,M6,blovedayps
770,Emporio Armani,abarnwellpt
567,Strava,spartkyapu
615,Instagram,ngoskerpv
946,Hermes,dfeakpw
215,"",rpiellpx
32,Twitch,ebrydiepy
101,Balenciaga,cclissoldpz
131,Youtube,kstreteq0
150,Hermes,awhileq1
429,Burger King,wbartolettiq2
474,Balenciaga,agoodluckq3
812,H&M,agristockq4
805,Balenciaga,hvardeyq5
896,M6,pkocherq6
876,Instagram,bhaycockq7
524,Paramount+,dblaksleyq8
916,Emporio Armani,vhecknerq9
490,Twitch,wsalzburgerqa
747,Netflix,bclubbqb
476,Uber Eats,rallonbyqc
951,Foodvisor,hspottiswoodeqd
489,LetterBox,sdanovichqe
177,TF1+,gmullingerqf
808,Louis Vuitton,gvindenqg
303,Uber Eats,crayerqh
935,HBO,joliphardqi
324,H&M,etrimmeqj
319,LetterBox,erowlandqk
384,Twitter,gmcavincheyql
834,Strava,sclemitsqm
761,HBO,omichieliqn
690,H&M,utrenfieldqo
983,Instagram,gholyardqp
479,Louis Vuitton,bcransonqq
898,Paramount+,mstanbroqr
264,Emporio Armani,mrobakqs
739,McDo,bevequeqt
458,Vinted,emorpheyqu
14,The Fork,smcamishqv
301,The Fork,cbridgwaterqw
347,LetterBox,gledleyqx
61,"",tlawreyqy
706,Uber Eats,nnylesqz
595,The Fork,demsleyr0
713,KFC,mastlesr1
348,Vinted,rpeterar2
736,Paramount+,rkosr3
197,KFC,sivattr4
669,Twitch,hantoniottiir5
412,iMDB,nboddamr6
531,Foodvisor,sclowneyr7
286,Vinted,cbantonr8
738,KFC,dlethburyr9
769,McDo,kquaifra
172,Ticketmaster,adowsrb
959,Hermes,csattinrc
788,M6,pschoenrockrd
826,Shein,rdulwichre
61,Audible,broserf
689,Amazon,hhartlerg
513,Louis Vuitton,cskirlinrh
685,Uber Eats,lrobroseri
706,M6,fwhickmanrj
604,Amazon,ecrutchleyrk
896,KFC,bmcgrayrl
483,Ticketmaster,hkirmanrm
71,McDo,baskamrn
838,LetterBox,astammirsro
716,iMDB,peymerrp
739,M6,ccozensrq
750,Netflix,mrycerr
451,Youtube,gdominik0
162,TF1+,sbenini1
434,Emporio Armani,ohickisson2
40,Louis Vuitton,bibarra3
612,Vinted,cberr4
375,Burger King,nvoff5
595,H&M,pdewberry6
421,Foodvisor,abusfield7
439,TikTok,jorgee8
600,Louis Vuitton,hhudel9
474,Balenciaga,ecardenozaa
897,The Fork,raustonb
948,Strava,glenouryc
617,Vinted,gveartd
585,Paramount+,tdecourte
448,KFC,acannonf
366,Vinted,tburdasg
796,Paramount+,dstanningh
956,Ticketmaster,scussinsi
990,Balenciaga,zcawsonj
791,Netflix,froddk
39,iMDB,vgallardol
340,H&M,cmountm
704,KFC,gcasinn
325,Netflix,mjolino
843,M6,qellingtonp
667,Balenciaga,jhebborneq
221,Facebook,shorsleyr
513,"",rcawseys
959,Emporio Armani,spettittt
450,Balenciaga,pgoddertsfu
951,Youtube,cbiggarv
174,iMDB,jlettleyw
999,Twitch,kmcdowellx
435,Strava,kpinckneyy
539,Paramount+,emacallasterz
244,Youtube,aaffron10
440,TikTok,mhagland11
888,iMDB,shaburne12
808,Balenciaga,epetronis13
218,Strava,dharriott14
750,Strava,dspadollini15
590,Shein,hteasey16
230,Hermes,ekidgell17
722,Audible,mchristoforou18
193,M6,norry19
454,Balenciaga,msessuns1a
557,Louis Vuitton,nyersin1b
910,Vinted,hlahrs1c
735,M6,shedditeh1d
350,M6,mbazeley1e
291,HBO,aowbridge1f
745,Youtube,rorgel1g
501,Ticketmaster,aescott1h
408,"",misabell1i
336,Amazon,ematon1j
166,Twitch,tsilcocks1k
778,Uber Eats,wberrie1l
226,Netflix,walbasini1m
901,TikTok,awhiting1n
384,Louis Vuitton,amatschoss1o
919,HBO,mdavinet1p
73,KFC,haymeric1q
599,Amazon,shurley1r
761,Facebook,lmutlow1s
433,H&M,dchubb1t
142,Twitch,iginnally1u
51,Balenciaga,cmontier1v
249,Balenciaga,tmacdonald1w
534,TikTok,agrassick1x
379,Burger King,vtuvey1y
545,Paramount+,omclelland1z
602,McDo,cfergie20
650,Paramount+,cgerring21
618,Burger King,bdellit22
371,Hermes,hboole23
529,TF1+,gfairall24
436,HBO,scallaby25
264,Hermes,acourtese26
137,Shein,jsheards27
922,HBO,jdeares28
95,"",flacroux29
610,Balenciaga,gjump2a
565,Louis Vuitton,fhallahan2b
832,"",mzotto2c
757,Ticketmaster,ckettles2d
332,Balenciaga,lkohlert2e
430,M6,lmacharg2f
394,Instagram,fjekyll2g
369,Audible,egravells2h
122,HBO,ralyonov2i
324,M6,thetterich2j
879,LetterBox,athring2k
916,Instagram,tsymcoxe2l
298,Twitter,amoulin2m
340,Emporio Armani,dbradmore2n
480,Ticketmaster,mogiany2o
982,"",bdoidge2p
797,KFC,meschalotte2q
143,Hermes,cfresson2r
389,Twitch,tcottis2s
54,Paramount+,hsamart2t
998,Instagram,mdamp2u
531,M6,dcarlesi2v
890,M6,swrenn2w
816,The Fork,lomullaney2x
805,Uber Eats,glambole2y
282,LetterBox,hdurrant2z
936,The Fork,sputten30
490,Balenciaga,mgoford31
751,LetterBox,ldaltry32
288,Uber Eats,eszachniewicz33
255,Burger King,hbaggaley34
268,Twitter,wlooker35
973,TF1+,hswafford36
67,Twitch,kegglestone37
243,Balenciaga,jlardnar38
429,TikTok,mdennes39
276,Balenciaga,jduley3a
838,Shein,bluparti3b
290,"",dblayney3c
668,Twitter,edenis3d
211,H&M,dmeaton3e
792,Youtube,aquinnette3f
561,Vinted,ggromley3g
885,Louis Vuitton,hbarfitt3h
988,The Fork,dferrara3i
149,H&M,lnott3j
946,Strava,hbuckles3k
340,Amazon,rwint3l
83,HBO,jjewster3m
380,LetterBox,rlorryman3n
842,iMDB,sdight3o
239,Vinted,sbatrop3p
200,The Fork,blau3q
58,Paramount+,tclouter3r
892,Amazon,sbaszkiewicz3s
812,Ticketmaster,pmoakson3t
508,Vinted,htimmermann3u
74,Ticketmaster,hnewell3v
968,Audible,sgunston3w
885,Foodvisor,jgarrood3x
747,Ticketmaster,yburt3y
17,KFC,ddunnan3z
546,The Fork,ncubbon40
871,Vinted,jchad41
1000,The Fork,idymoke42
296,Uber Eats,jmorais43
115,Ticketmaster,adillistone44
148,Youtube,rronisch45
604,Netflix,fbrabban46
921,Balenciaga,idekeep47
691,Vinted,grack48
117,Shein,kmuehle49
449,"",rswains4a
362,Paramount+,bkennelly4b
465,Uber Eats,dsaich4c
361,Twitter,sbaldwin4d
941,The Fork,pfearfull4e
505,iMDB,gpikett4f
62,iMDB,gwasielewski4g
581,Facebook,mlukock4h
675,KFC,wzorn4i
106,Vinted,edreger4j
967,Balenciaga,agrisard4k
812,M6,bboynes4l
94,Hermes,vhaggeth4m
635,Twitch,dmanass4n
187,Ticketmaster,cstartin4o
233,Emporio Armani,lpowdrill4p
474,Twitch,jbedenham4q
145,"",smalim4r
363,Shein,bhinners4s
603,M6,kstledger4t
512,iMDB,rkinforth4u
319,Emporio Armani,obumfrey4v
248,The Fork,tpeake4w
656,M6,sguynemer4x
714,Foodvisor,mpieter4y
834,Uber Eats,aphippin4z
352,Vinted,oaston50
816,Emporio Armani,zmaletratt51
576,TikTok,bmaty52
557,Netflix,ctheakston53
951,Shein,vrubenczyk54
83,Balenciaga,bsawtell55
339,Shein,bcadwell56
936,The Fork,bfortey57
311,Paramount+,kformigli58
10,Youtube,nsoonhouse59
427,Paramount+,ascully5a
802,TikTok,jmccosh5b
646,"",mdilgarno5c
342,McDo,mrignoldes5d
324,"",jkisar5e
997,HBO,snunnery5f
482,Ticketmaster,munderhill5g
113,Strava,ecashford5h
386,Amazon,hrieme5i
764,Youtube,bkidwell5j
883,"",akeeffe5k
27,The Fork,cbernardo5l
575,Twitter,espinetti5m
649,Facebook,shuxtable5n
510,Hermes,enell5o
976,Emporio Armani,cfannon5p
523,Hermes,rfenelon5q
498,Netflix,nambler5r
804,Paramount+,idaughtery5s
945,Vinted,bodby5t
418,"",bbrundale5u
142,Vinted,ifury5v
621,Paramount+,rmolloy5w
538,Balenciaga,sspelwood5x
610,"",lpreddle5y
845,Balenciaga,cborley5z
261,Emporio Armani,tdowty60
702,Paramount+,lmenilove61
964,Vinted,mkinloch62
280,Instagram,kjosskovitz63
930,iMDB,bsandbatch64
657,Audible,tstollenwerck65
818,Foodvisor,kerie66
79,McDo,acolvie67
820,Instagram,epeirson68
426,Netflix,rhiggonet69
145,KFC,twillgoss6a
686,Netflix,battoe6b
719,Amazon,ehanwell6c
623,M6,cpeachey6d
38,Paramount+,tbrecknall6e
202,Instagram,lconry6f
905,"",rfasson6g
414,M6,wargile6h
198,Twitter,hjuan6i
690,Strava,rapplin6j
269,LetterBox,kodevey6k
390,Amazon,abrennen6l
267,McDo,jamor6m
87,McDo,btocknell6n
490,Strava,jantuk6o
234,Paramount+,gclemmett6p
884,Emporio Armani,kstuttman6q
302,Twitter,zcristol6r
916,Paramount+,druslinge6s
936,Balenciaga,mpaten6t
115,HBO,bliveley6u
956,Louis Vuitton,bglanz6v
873,Twitch,gwrought6w
134,HBO,hmorch6x
225,M6,haish6y
390,iMDB,meeles6z
447,iMDB,mbeacon70
881,Hermes,ecandie71
838,TikTok,acarlesso72
859,TF1+,ddryden73
526,Ticketmaster,slinebarger74
795,Amazon,wtammadge75
840,M6,ilampe76
534,HBO,wbaudi77
327,McDo,tsmails78
8,Twitter,mlambertazzi79
940,Vinted,aapplewhite7a
893,HBO,tpurrier7b
145,Burger King,fmussington7c
93,Balenciaga,rjepensen7d
201,Vinted,bkeaveney7e
48,Foodvisor,lmcavinchey7f
425,Strava,hhastilow7g
58,Balenciaga,mpetran7h
810,Twitter,cblackborn7i
207,Netflix,mmocquer7j
555,Ticketmaster,tstlouis7k
806,Burger King,dearngy7l
944,KFC,amuncey7m
64,Ticketmaster,crentoul7n
741,Foodvisor,fsargerson7o
689,Facebook,mmathy7p
401,Burger King,bamori7q
363,TF1+,bromke7r
426,McDo,dhaslock7s
276,M6,rhugonin7t
507,McDo,wkarlsson7u
896,The Fork,aummfrey7v
37,Shein,mcourtman7w
306,Twitch,ihagard7x
135,Youtube,sexter7y
70,Facebook,lmallion7z
81,"",rlightbown80
797,Emporio Armani,cgurley81
522,Instagram,bhuffa82
473,"",pwycherley83
20,HBO,ewilkison84
86,Ticketmaster,rmccaffrey85
875,Amazon,jbrazear86
621,Facebook,joland87
907,Burger King,lyong88
533,Facebook,cfoxen89
71,Youtube,ggriss8a
278,TF1+,hetuck8b
127,Emporio Armani,sshurrocks8c
858,Amazon,bbaynom8d
36,Twitch,ihovert8e
666,iMDB,swillshee8f
539,TikTok,lvisick8g
367,Vinted,rsiderfin8h
175,The Fork,kyanyushkin8i
949,Twitch,myarham8j
462,Emporio Armani,hbraiden8k
792,Ticketmaster,bsalvin8l
458,Paramount+,cdomenget8m
329,Balenciaga,cpoles8n
774,TF1+,fmckeevers8o
335,The Fork,gbletcher8p
436,TF1+,bingerith8q
788,Twitch,rkolakovic8r
459,Facebook,wingilson8s
993,Shein,dludford8t
512,Amazon,fonraet8u
602,The Fork,emacascaidh8v
912,Balenciaga,ralecock8w
460,Netflix,mkubecka8x
646,The Fork,cdanovich8y
477,Vinted,sodowling8z
614,Youtube,jburhouse90
121,Paramount+,sbaudinot91
408,HBO,kcastelin92
492,Burger King,tmacnulty93
192,Paramount+,hwhetton94
536,Balenciaga,rriccio95
444,H&M,dtrengrouse96
601,Uber Eats,sgrimes97
902,Audible,nluther98
881,LetterBox,csenechault99
709,HBO,ptuffell9a
460,LetterBox,mdering9b
920,M6,fcherry9c
761,Youtube,aeam9d
404,Facebook,hpursey9e
660,Amazon,ddinsey9f
35,Amazon,aarchbould9g
901,TikTok,tmacmichael9h
722,Foodvisor,aheskey9i
190,LetterBox,jmayhou9j
471,KFC,abraddon9k
661,Instagram,ibartunek9l
858,TikTok,chammett9m
722,Shein,jvignaux9n
257,LetterBox,dsandiland9o
972,Foodvisor,bcoxon9p
725,Twitch,jtarpey9q
701,Youtube,zjagiela9r
232,TF1+,smorrieson9s
670,TF1+,browan9t
77,Balenciaga,galster9u
145,Audible,mtitchen9v
340,H&M,abrightwell9w
385,"",dcutriss9x
441,Uber Eats,mmaddrah9y
314,M6,eviggars9z
583,Burger King,abetjesa0
323,Ticketmaster,jlestora1
472,HBO,mgabrielia2
514,"",lrainsa3
715,Hermes,tnusseya4
333,Burger King,fcamilloa5
337,McDo,rsiselanda6
681,Facebook,bcamocka7
847,Uber Eats,bpuddina8
689,Burger King,wcavella9
311,Strava,dcastelliniaa
584,iMDB,gbewab
393,Shein,lsoutterac
874,TF1+,cbendikad
562,Hermes,kdoolanae
91,TikTok,lpinckstoneaf
26,"",kmcginnyag
359,TF1+,rdovinsonah
460,KFC,ldeignanai
260,Louis Vuitton,gpegdenaj
143,TikTok,mwhithornak
481,Vinted,rpittolial
90,Instagram,afanthamam
661,LetterBox,tseagravean
67,Audible,cjohanningao
266,Audible,ksantiap
714,Instagram,kmistryaq
326,The Fork,mbrainsbyar
850,McDo,pibbersonas
944,Foodvisor,rwilkinsat
811,Ticketmaster,dhospitalau
927,"",slourencoav
853,TF1+,jmarlingaw
188,Balenciaga,chaliburtonax
931,Vinted,gtockellay
6,Ticketmaster,lgiacoboaz
147,Facebook,vhintzeb0
781,Burger King,btugwellb1
478,Youtube,dcrenageb2
25,Facebook,hkingabyb3
485,KFC,bhastonb4
70,LetterBox,cbalazotb5
510,TF1+,aglewb6
612,Amazon,ftallachb7
802,Foodvisor,bdabnerb8
68,Strava,rbahlmannb9
537,H&M,bsyalvesterba
461,M6,jmilesapbb
376,McDo,relmerbc
663,Twitter,cmellonbybd
51,Strava,jlombardobe
825,LetterBox,yskerrattbf
285,M6,khalwardbg
945,TF1+,awarrenderbh
997,Instagram,msemainebi
47,Paramount+,bamesbj
552,TF1+,ogorrickbk
263,M6,cberriebl
444,Emporio Armani,pfennessybm
660,Shein,allelwelnbn
702,Amazon,rwifebo
8,Hermes,kwilsteadbp
307,LetterBox,thuntingdonbq
294,Burger King,ngleesonbr
926,H&M,jballingalbs
535,Uber Eats,jvarlowbt
551,HBO,wparslowbu
284,Emporio Armani,gcreerbv
22,LetterBox,ddallimarebw
460,Twitter,eclaysonbx
461,Facebook,bgabeyby
54,H&M,tocahernybz
451,"",bgrinishinc0
954,Facebook,ucurlisc1
165,McDo,svandenoordc2
306,Uber Eats,aburrusc3
666,Emporio Armani,jcorpesc4
700,Facebook,ewhickmanc5
367,Facebook,bhiggoec6
849,Youtube,ikirtlanc7
504,TikTok,erenackownac8
951,Emporio Armani,bdomec9
281,Louis Vuitton,grassellca
206,Amazon,kgoulthorpcb
985,Youtube,dmaylercc
400,Ticketmaster,mscanderetcd
390,Paramount+,tdowthwaitece
725,Twitch,dlegancf
333,Youtube,aheadinghamcg
860,Amazon,smackellerch
990,TikTok,gculverhouseci
350,"",smcgoldrickcj
120,Shein,lbabberck
471,HBO,asweynsoncl
274,McDo,cgoboloscm
543,Vinted,lveneurcn
321,Shein,fcooleyco
925,Facebook,mshevelincp
679,Shein,atollettcq
299,LetterBox,edaelcr
9,TikTok,bradkics
784,TF1+,wbarensct
269,Hermes,bamosscu
744,TF1+,treinischcv
544,Netflix,tchingcw
945,Netflix,rbentkecx
108,Paramount+,epanonscy
423,KFC,ahyldencz
879,LetterBox,roreillyd0
757,Paramount+,ggrealeyd1
180,Vinted,tbellshamd2
781,Burger King,mmcgaugheyd3
350,Foodvisor,mfetherstond4
647,Uber Eats,lzannid5
733,TikTok,mgareisrd6
400,Vinted,eklousnerd7
304,iMDB,ahicksd8
322,Balenciaga,fraisbeckd9
386,"",bpynnda
843,Amazon,dwoolensdb
746,The Fork,aofallonedc
967,Emporio Armani,messbergerdd
919,LetterBox,wbornede
73,Youtube,ecaressdf
787,TF1+,bperriedg
885,Twitter,acarnelleydh
154,Vinted,ccockshutdi
101,Burger King,dskaymandj
877,iMDB,kanfonsidk
179,Vinted,asmeetondl
892,Vinted,wdewardm
113,Balenciaga,ccromardn
993,iMDB,okediedo
173,Foodvisor,llarvindp
826,Vinted,astathordq
257,LetterBox,aspiveydr
443,Twitter,aclawsleyds
987,Balenciaga,bmaccafferkydt
258,KFC,gbortolettidu
487,The Fork,khumphrysdv
651,Balenciaga,hantonnikovdw
46,Twitch,cgoundrilldx
317,Balenciaga,statchelldy
632,Louis Vuitton,sdebenedittidz
630,HBO,wmockese0
213,TF1+,cfilewoode1
762,iMDB,hduchante2
412,Twitch,osaxtone3
900,M6,mwimmerse4
410,TikTok,grobertete5
527,LetterBox,nmanghame6
618,Shein,hguyote7
361,Youtube,abrownelle8
98,Audible,wyakoleve9
623,M6,tgerryea
551,Ticketmaster,ibaggotteb
933,Uber Eats,sgarshoreec
766,H&M,santoniadesed
699,Louis Vuitton,madaoee
655,Amazon,kbaudinsef
785,"",mbaillieeg
420,Burger King,rsabbatiereh
394,Ticketmaster,sscrippsei
704,"",wvaenej
917,HBO,tbolliverek
324,Twitter,shardanel
369,Shein,rkarusem
489,LetterBox,arivallanden
89,iMDB,pspandleyeo
737,Ticketmaster,chitchensep
989,Paramount+,gpolineq
505,Paramount+,kcudder
13,The Fork,abelonees
821,Audible,zreicharzet
454,Facebook,ldurraneu
389,M6,tbenittiev
26,Youtube,lwestfalenew
126,Balenciaga,mwhewayex
637,Strava,staftey
535,Twitch,ttingleyez
712,M6,htithecottf0
114,Facebook,emccoughanf1
404,Netflix,ocreggf2
716,Instagram,pbumphriesf3
635,Amazon,mpotierf4
481,TF1+,afleemingf5
546,Burger King,lgronaverf6
753,Instagram,lfugeref7
357,Ticketmaster,mcoursonf8
8,TikTok,lproudleyf9
641,Amazon,bblissettfa
357,Twitch,gkrugfb
667,Balenciaga,bledgertonfc
414,Strava,deppsfd
825,Shein,bwasielewskife
929,TikTok,tetteryff
985,The Fork,latherfg
691,Emporio Armani,fpreskettfh
188,H&M,sfoyefi
299,McDo,mchengfj
382,The Fork,ngildersleevefk
839,iMDB,estellinfl
444,The Fork,phagstonefm
215,Ticketmaster,jlantefn
730,TikTok,rfoskettfo
902,HBO,llambolefp
424,Netflix,nekellfq
500,Foodvisor,ccheatlefr
92,Hermes,rhowmanfs
730,Youtube,cgowenft
870,Foodvisor,hcrellinfu
304,Twitch,adaniellsfv
126,M6,nscoterboshfw
725,KFC,cmacdermotfx
336,Louis Vuitton,dgibbinfy
687,Vinted,hhelstromfz
133,Hermes,bollisg0
590,Emporio Armani,pneaversong1
111,LetterBox,sbloreg2
718,Foodvisor,rsellorsg3
848,Instagram,kmclugaishg4
905,H&M,csnadeng5
729,H&M,whuittg6
703,Vinted,dmcquaideg7
506,KFC,covillg8
559,Amazon,ndekeyserg9
8,Emporio Armani,fmoorega
861,LetterBox,btheseiragb
443,iMDB,dkauffmangc
478,Strava,ofilderygd
308,Ticketmaster,mbengalge
701,McDo,rcollcottgf
938,Instagram,dbalasingg
558,McDo,driddegh
534,TF1+,fcawthrongi
889,Ticketmaster,bprobategj
803,Audible,lcolvillgk
435,Louis Vuitton,kbuttengl
501,Instagram,apuntongm
917,Shein,mrookebygn
770,Ticketmaster,smottershawgo
374,HBO,ekobeltgp
797,McDo,nstreatfeildgq
237,Louis Vuitton,mspeedgr
753,iMDB,rtitcombegs
745,Burger King,hsimonettogt
220,Audible,mohdirscollgu
770,Paramount+,bgiddensgv
817,Twitch,dmatussongw
78,Twitch,ubalasingx
359,Louis Vuitton,fdongategy
744,The Fork,ehulstromgz
465,Shein,wgietzh0
667,Netflix,abroschekh1
724,H&M,cwillfordh2
924,Netflix,kplotth3
33,H&M,dtoothh4
487,Amazon,nmcarth5
527,Twitch,eabreyh6
791,Amazon,enewburnh7
337,H&M,acrosswaiteh8
368,Uber Eats,istricklandh9
859,HBO,rjoslowha
980,Louis Vuitton,esalvidgehb
916,"",lpenyltonhc
80,Strava,mdinneenhd
800,Strava,nduellhe
322,Twitch,cmorrellhf
756,M6,aovanesianhg
651,"",ealennikovhh
43,Ticketmaster,tsheltonhi
564,Audible,rparleyhj
919,Instagram,aheminsleyhk
705,"",gburleshl
980,Vinted,jmasdinghm
643,Shein,vszymonhn
165,Amazon,dpolgreenho
558,Burger King,xpedrickhp
544,Netflix,ihickhq
169,TF1+,edubberhr
143,Netflix,mguyehs
153,Youtube,obraxayht
741,HBO,efeldererhu
253,Balenciaga,fberrehv
166,iMDB,nrobathonhw
985,Strava,bchamhx
898,Shein,hbennethy
884,Strava,cblazynskihz
229,iMDB,ekynderi0
607,Vinted,kgoldai1
936,Burger King,gmargiottai2
730,Twitter,mofeni3
156,Instagram,dbarffi4
241,Balenciaga,nbuckelli5
193,TikTok,sbradmani6
807,Emporio Armani,riacobuccii7
457,TikTok,wtopi8
939,Twitter,pmonckmani9
937,Ticketmaster,kbolmannia
206,Louis Vuitton,aspataib
892,HBO,rgebuhric
18,Balenciaga,mleathleyid
141,The Fork,rcawtie
268,Louis Vuitton,mdinwoodieif
370,Burger King,tkeefeig
202,Ticketmaster,oalpesih
907,Youtube,dparradineii
778,TikTok,mstapleyij
138,M6,rhalyik
201,KFC,npennringtonil
166,Strava,pbinionim
404,Youtube,bromanin
517,Hermes,rstaggeio
837,TikTok,lantoniettiip
402,Emporio Armani,bsalleiriq
756,Twitter,tjedrzejir
593,iMDB,akleinhandleris
289,Louis Vuitton,dgierardiit
996,The Fork,mbruhnkeiu
323,Instagram,rtaboureliv
354,Foodvisor,dhardacreiw
905,LetterBox,abelbinix
632,Ticketmaster,efrancesconeiy
37,McDo,ksedgmaniz
732,Twitter,mistonj0
494,Shein,amacgeej1
312,McDo,fslobomj2
150,Shein,taddessj3
997,KFC,cglasgowj4
832,Twitch,pdungej5
566,TikTok,dtimothyj6
328,Foodvisor,kpochonj7
798,Shein,lallberryj8
106,Twitter,kleonardej9
898,The Fork,rbeckettja
434,Uber Eats,rbachelarjb
760,Vinted,hcahanijc
868,Twitch,avasyaevjd
511,Balenciaga,lonionsje
442,TikTok,ciohananofjf
290,Foodvisor,lgiddyjg
962,Burger King,bsketcherjh
907,LetterBox,bpolesji
204,"",sgianninijj
505,Emporio Armani,bwainwrightjk
766,The Fork,apontjl
770,iMDB,vbracchijm
425,TikTok,rdebiasiojn
408,Amazon,ccousensjo
586,Twitter,fgodwinjp
356,Burger King,csitchjq
529,Vinted,iadanjr
339,KFC,ewombwelljs
656,Burger King,btomovicjt
279,M6,gganfordju
47,Netflix,slampkejv
631,Strava,hlimpkinjw
830,Netflix,wcarnegyjx
308,iMDB,egillanjy
648,Netflix,rderringtonjz
450,Twitter,glandellsk0
576,Twitter,ebradtkek1
346,Vinted,mhounsomek2
490,Facebook,abumpusk3
104,Netflix,idineenk4
931,Vinted,snibloek5
86,iMDB,cwycliffek6
462,KFC,klattimerk7
470,iMDB,mchapek8
774,McDo,vleningk9
337,Uber Eats,bklejinka
364,KFC,crusskb
501,H&M,jblacklockkc
684,Strava,cgarahankd
519,Instagram,bgalletleyke
17,Strava,pkernekf
18,H&M,gcabraleskg
920,Audible,mblazevickh
37,Hermes,bbenitki
630,Youtube,sbinnskj
66,Audible,snewdickkk
252,H&M,apersekl
365,Audible,sblenchkm
120,Emporio Armani,sbilleskn
859,KFC,sbrierleyko
689,Facebook,jtudgekp
94,Burger King,pmcroriekq
749,Shein,fjendrachkr
792,Burger King,lmarrableks
123,Hermes,egellykt
119,Foodvisor,omartuginku
426,The Fork,modykv
225,Emporio Armani,cgilliskw
980,Facebook,cstrongkx
599,Twitter,jmackenky
758,Foodvisor,ydodshunkz
151,HBO,dchappellel0
80,McDo,awearingl1
799,Uber Eats,cgrindlel2
190,TikTok,celvesl3
859,Burger King,ajammetl4
284,HBO,nfellibrandl5
477,Twitter,ameakingl6
437,H&M,sconaghanl7
785,Balenciaga,gwongl8
507,"",pkewl9
913,Instagram,spargentla
853,The Fork,kbrimmlb
755,Uber Eats,psargantlc
581,"",cgourlield
128,Audible,syearnele
915,Uber Eats,tnottilf
46,HBO,mjeveslg
711,Instagram,hledburylh
210,Louis Vuitton,tbenziesli
236,Audible,gtooplj
751,Vinted,vdietzlerlk
12,Shein,atounll
116,Hermes,ybrantonlm
809,Emporio Armani,zmcalorenln
922,Paramount+,bpeslo
942,Ticketmaster,mabrahamovitzlp
217,Shein,gboggerslq
999,Netflix,vconnorlr
166,Facebook,rmaldenls
861,Facebook,rstanwaylt
944,Twitch,gcrocklu
488,iMDB,gborleslv
901,LetterBox,galexandroulw
746,iMDB,dstreatfieldlx
129,TikTok,rgalieroly
628,Audible,fstorrahlz
738,KFC,smcauslandm0
856,HBO,smarcombem1
49,Ticketmaster,khaigm2
851,TF1+,nibbetsonm3
395,Shein,cprobbingsm4
685,iMDB,smacallenm5
19,TF1+,nmattschasm6
983,Shein,thaddrellm7
461,Paramount+,pdellentym8
217,Vinted,smullingerm9
91,Uber Eats,bfouxma
165,"",cgrimsdalemb
717,Hermes,zcorkelmc
733,Audible,smulvaneymd
315,Vinted,smadelinme
57,Vinted,smeaddowcroftmf
979,H&M,mfrunksmg
388,Instagram,lfaircliffmh
587,Netflix,eleupoldmi
941,Amazon,hchallacemj
471,Foodvisor,llucmk
860,H&M,tmorhallml
576,iMDB,jabyssmm
722,Balenciaga,tpurchallmn
335,Emporio Armani,tnovotnimo
821,Twitch,wleppingtonmp
105,TF1+,emuncastermq
349,Burger King,cwhearmr
88,Emporio Armani,lgossms
57,Netflix,mjewismt
175,Netflix,clhommeemu
675,McDo,dbassammv
92,iMDB,nhemblingmw
73,Uber Eats,raldinmx
409,"",scrennellmy
247,Emporio Armani,cdimblebeemz
599,iMDB,jgoldingayn0
186,Hermes,akiendln1
249,Paramount+,jsephtonn2
847,McDo,gloughmann3
211,McDo,rkliemchenn4
585,The Fork,okaleyn5
79,Ticketmaster,mtalboyn6
986,Uber Eats,tthewlisn7
683,Emporio Armani,sdallisonn8
232,Balenciaga,tdelongn9
938,"",hraittiena
86,Youtube,htoornb
216,McDo,jdombnc
327,KFC,nbarbournd
108,M6,tperotne
199,Balenciaga,eferraronenf
369,Vinted,rtsarng
31,Hermes,ashuttellnh
74,HBO,cstearnesni
641,McDo,kskeelnj
699,Twitter,jvermernk
331,The Fork,gminocchinl
619,Paramount+,jrachuignm
520,Netflix,rpinckardnn
131,Foodvisor,bklaisno
817,Foodvisor,rkorbmakernp
271,TikTok,cboutelliernq
74,TF1+,lsummersettnr
54,McDo,craitiens
785,iMDB,ehuzzeynt
24,Netflix,gtollfreenu
562,LetterBox,bkilbournenv
688,Instagram,rgrossnw
313,Balenciaga,sstillmannnx
614,McDo,mbeaulieuny
143,Audible,foriginnz
383,Youtube,anarrawayo0
420,Twitter,cmarchando1
755,Netflix,msiveo2
209,HBO,schristolo3
68,Balenciaga,gwoodingo4
773,The Fork,afisbyo5
257,TikTok,bdraxfordo6
958,The Fork,alamanbyo7
555,KFC,gdeboyo8
591,Louis Vuitton,gczyzo9
779,KFC,rmorseoa
656,Facebook,lrichfieldob
494,Hermes,ayuilleoc
833,Shein,rsproulod
26,The Fork,skleehuhleroe
367,Hermes,fwinstanleyof
873,Twitter,lheinekeog
367,Uber Eats,bjaquissoh
986,iMDB,cscoffinsoi
918,Strava,jamoroj
960,iMDB,amothersoleok
607,Twitch,rdagonol
241,M6,dberminghamom
966,Emporio Armani,foverilon
64,Emporio Armani,lclendinningoo
641,H&M,tpantecostop
654,Emporio Armani,farmisteadoq
866,Balenciaga,wcobbledor
613,M6,cballsos
150,Paramount+,aschimekot
649,Audible,mdallimoreou
845,Audible,sbignellov
432,"",ldevinow
19,Burger King,dwilborox
900,Netflix,ebitcheneroy
729,HBO,bpulveroz
1,TF1+,csquibep0
790,TF1+,lrhoadesp1
623,Balenciaga,rbuckp2
42,"",dgrindlayp3
692,M6,msleepp4
996,Amazon,mjovicicp5
853,iMDB,mbenkap6
660,Vinted,sheathfieldp7
108,The Fork,egreenleyp8
772,KFC,cfilippop9
546,Twitch,hwenderottpa
500,LetterBox,nearingeypb
807,Instagram,cchevertonpc
13,TF1+,wrosepd
467,Facebook,sslewcockpe
24,Strava,dlillepf
173,McDo,ddepperpg
463,Twitter,gheapsph
319,Foodvisor,lcrumbiepi
87,Amazon,lprayerpj
554,TF1+,gdurradpk
209,Emporio Armani,hupcraftpl
33,H&M,ahamonpm
700,Burger King,sbreempn
663,TF1+,fjekyllpo
352,Hermes,mbensleypp
79,Burger King,dranyelldpq
679,Amazon,lamerpr
709,"",rjaycoxps
221,Foodvisor,njoinseypt
954,Paramount+,jfeldmuspu
649,Twitter,vbustinpv
379,Emporio Armani,mgoshawkpw
669,Shein,edegiovannipx
380,Hermes,ggargettpy
666,Hermes,mtarbattpz
597,TF1+,orowesbyq0
762,Youtube,cfischerq1
429,Instagram,wbingeq2
353,Audible,pnuttallq3
540,Twitter,gburdenq4
781,Instagram,umugglestoneq5
134,Foodvisor,tsalvatiq6
992,The Fork,rheinekenq7
959,H&M,llamblotq8
769,Foodvisor,skirvinq9
61,KFC,sscandrettqa
900,Instagram,dhaveqb
398,McDo,eadamoqc
764,Vinted,aburgenqd
296,"",cghironqe
153,Amazon,lduxburyqf
591,Netflix,lseacroftqg
124,McDo,brushfordqh
691,Emporio Armani,rconneauqi
729,Audible,nmabbeqj
777,Audible,eyuqk
999,Paramount+,kdavidovicsql
900,Youtube,lsuermeiersqm
16,HBO,fjanceyqn
494,M6,rdedrickqo
742,Balenciaga,eruseworthqp
451,Hermes,tkabosqq
220,Hermes,epaulotqr
229,TF1+,bbabeqs
769,TF1+,achevinsqt
612,The Fork,arodbournequ
496,Vinted,ecomolliqv
6,Foodvisor,hbullusqw
24,Emporio Armani,bmatoshinqx
832,TF1+,jlebbonqy
965,Balenciaga,gchristonqz
880,Instagram,dbalharryr0
484,Twitter,mkonzelr1
995,TikTok,gcoxonr2
708,Burger King,celizabethr3
760,Hermes,awardroperr4
953,Youtube,jheijner5
670,Twitch,pstrasser6
69,Louis Vuitton,ddedonr7
482,Audible,hackenheadr8
713,McDo,rdoddemeader9
503,Instagram,cpetrishchevra
203,McDo,svaszolyrb
790,Shein,wpettusrc
28,M6,lgeelyrd
972,Balenciaga,rphythienre
259,McDo,lthackwrayrf
468,Instagram,bgentryrg
170,Youtube,cbevarrh
342,Facebook,nmaccullochri
148,Vinted,kkubisrj
23,M6,wtonnark
350,H&M,afalksrl
487,Burger King,lbrenardrm
635,Foodvisor,dlockettrn
467,Twitch,mbeardwellro
439,Hermes,gmccorkindalerp
105,Facebook,auttersonrq
320,Vinted,zdustingrr
732,Uber Eats,cstrass0
243,Shein,mcaffery1
508,Twitter,fjoules2
937,KFC,mdanzig3
499,LetterBox,gbrandts4
65,M6,hrewcastle5
411,HBO,bserot6
301,Amazon,tbedinn7
28,KFC,sead8
724,Audible,wbasezzi9
528,Vinted,gkinzela
108,Instagram,dadelmanb
438,Emporio Armani,jovidc
337,Uber Eats,dlindmand
437,iMDB,mbaalhame
782,LetterBox,psmeadf
248,LetterBox,jphillippog
603,KFC,ltomsuh
583,H&M,ajarrelli
742,Burger King,hbowserj
577,LetterBox,icolbridgek
587,Twitch,ihallowesl
932,Balenciaga,cantonettim
209,"",dromen
619,Shein,ktemperleyo
72,Paramount+,acalendarp
833,The Fork,hsponq
651,Netflix,lyukhovr
998,Emporio Armani,awarders
9,LetterBox,adartet
890,LetterBox,dsayersu
694,Vinted,lruddockv
295,Foodvisor,lbraniffw
721,The Fork,dmoodycliffex
786,TikTok,scoxy
855,Vinted,ktwizellz
194,McDo,stomicki10
613,Louis Vuitton,jbrader11
644,Amazon,lridehalgh12
447,Amazon,scurtis13
466,HBO,rhallede14
725,Facebook,aguerrin15
387,HBO,wdexter16
744,The Fork,jdaye17
748,KFC,klavens18
651,McDo,mmazin19
27,Facebook,lkahen1a
195,iMDB,llacroux1b
1000,Audible,fcoxhead1c
112,The Fork,tblenkhorn1d
256,Ticketmaster,hmangeon1e
730,H&M,jmacdonell1f
624,Twitter,rkisbey1g
728,Hermes,rhustler1h
117,Ticketmaster,dmcarley1i
714,KFC,adewsnap1j
299,H&M,jpennigar1k
513,Paramount+,talstead1l
107,McDo,adrivers1m
63,Facebook,dofearguise1n
286,Ticketmaster,rmacafee1o
992,KFC,cswinden1p
209,Facebook,bbottrell1q
618,iMDB,cbris1r
767,Audible,kcorselles1s
942,Burger King,trowbottom1t
84,Louis Vuitton,mperfili1u
753,Instagram,jpointin1v
495,Audible,ccrocombe1w
653,Balenciaga,mlemmer1x
234,Amazon,cwhittek1y
575,HBO,dfrisel1z
748,McDo,hcriag20
103,McDo,jnerney21
452,McDo,npaterson22
224,Netflix,emara23
27,"",theller24
72,Twitter,vloader25
31,Ticketmaster,raslam26
531,Vinted,edutton27
64,McDo,bmalthouse28
490,iMDB,abaugh29
331,Hermes,tlagadu2a
175,Instagram,ttynnan2b
969,M6,belphinston2c
496,Louis Vuitton,kbatts2d
929,Balenciaga,jsinfield2e
22,Vinted,lvotier2f
561,Balenciaga,bdargue2g
906,Uber Eats,mipwell2h
742,KFC,wsimson2i
936,Shein,hjacobsen2j
467,Emporio Armani,mrobinett2k
865,Shein,nbotfield2l
342,M6,sbilt2m
654,H&M,jwalkden2n
774,The Fork,dgalbraeth2o
396,McDo,lboswood2p
122,Twitter,ccampelli2q
49,Foodvisor,mkeynd2r
493,Vinted,ebiggerdike2s
814,Shein,ajandac2t
12,H&M,vmahaddy2u
10,Youtube,mviegas2v
991,Foodvisor,racland2w
208,Netflix,rcranna2x
221,Strava,vkubin2y
79,Twitch,nwhitaker2z
580,H&M,dshimwall30
622,Balenciaga,amaccombe31
661,Balenciaga,jgradwell32
787,H&M,estracey33
355,Burger King,slazer34
470,iMDB,jlambillion35
385,Facebook,kszwandt36
803,Twitch,jreynoldson37
618,iMDB,flamerton38
90,Paramount+,kjosifovic39
118,Youtube,scroll3a
17,Burger King,efranc3b
162,Foodvisor,xletchford3c
413,Amazon,dpilgrim3d
421,TikTok,mweadick3e
556,Twitch,celmore3f
98,Netflix,cbounde3g
988,Paramount+,kmandre3h
131,Facebook,rbutterfill3i
900,TikTok,mbuckleigh3j
522,Netflix,pysson3k
741,Facebook,pthirwell3l
306,LetterBox,estapele3m
318,Louis Vuitton,gmacguffog3n
478,Facebook,schaikovski3o
781,"",wdahlberg3p
861,Foodvisor,trembaud3q
76,HBO,sbishell3r
526,Twitch,ljohnigan3s
609,Netflix,lsandcroft3t
680,Instagram,mgranham3u
769,Louis Vuitton,gcoggings3v
75,TikTok,lblune3w
320,Uber Eats,dblaine3x
520,Netflix,rpesik3y
250,Audible,irozea3z
902,Netflix,averling40
946,Hermes,rdodell41
310,Audible,arickman42
917,iMDB,dcanceller43
435,LetterBox,wburch44
370,Emporio Armani,mgarioch45
329,LetterBox,rconor46
447,HBO,amckeon47
543,Amazon,kbloggett48
667,Instagram,hchipp49
96,iMDB,glujan4a
166,Amazon,jwheatley4b
691,LetterBox,rheaps4c
997,TikTok,ggodwyn4d
499,LetterBox,jrodmell4e
828,M6,aberdale4f
731,Hermes,ggoldspink4g
890,Uber Eats,nmitchiner4h
468,Facebook,hashingden4i
554,Uber Eats,akop4j
267,HBO,cccomini4k
528,KFC,eocassidy4l
825,The Fork,lgriswood4m
73,Louis Vuitton,ajersch4n
25,Balenciaga,lhaccleton4o
931,Audible,braimbauld4p
624,Burger King,emaclese4q
973,Facebook,tmapholm4r
126,Emporio Armani,keveril4s
521,Strava,dkaye4t
50,Twitch,bballing4u
79,Netflix,tjeayes4v
135,Balenciaga,dgewer4w
38,Shein,dlowell4x
487,"",jmagner4y
850,Youtube,icuseick4z
674,Twitter,owellbank50
801,Twitch,pzorzi51
769,H&M,lnears52
800,The Fork,kmorant53
961,Balenciaga,rcirlos54
693,Twitter,dwozencraft55
314,The Fork,ghowie56
3,M6,jmalicki57
178,TF1+,ohemerijk58
720,Balenciaga,ekeyzor59
853,Twitch,ayakunin5a
742,Balenciaga,fsyers5b
362,Strava,aarrigo5c
940,"",jdack5d
479,Ticketmaster,cstanyard5e
587,Vinted,hhayselden5f
146,Louis Vuitton,mfrankland5g
86,HBO,bdecroix5h
253,Balenciaga,nhearle5i
903,Foodvisor,kleball5j
287,KFC,kslyvester5k
544,Foodvisor,acollington5l
445,Foodvisor,gszymanowicz5m
448,TF1+,obeames5n
616,Youtube,rleyre5o
84,M6,bhugenin5p
850,The Fork,gbecken5q
253,Audible,seustes5r
450,TikTok,bfeifer5s
426,Youtube,lsanja5t
149,LetterBox,pbugdell5u
995,Netflix,egoranov5v
258,Louis Vuitton,aredon5w
195,Paramount+,jdurant5x
60,HBO,nryles5y
707,iMDB,kiacovini5z
912,McDo,cblasi60
31,Paramount+,epool61
851,Strava,rvasiltsov62
535,Amazon,jbennington63
37,HBO,sbeamish64
49,HBO,vcersey65
65,The Fork,wburnep66
382,Twitch,bballard67
889,TikTok,llinger68
578,Audible,nogelsby69
350,Burger King,sscarlon6a
827,Ticketmaster,nbalogh6b
440,Paramount+,aomara6c
525,The Fork,fdiaper6d
267,Uber Eats,gyukhnov6e
604,Instagram,dfforde6f
273,McDo,cwaddie6g
583,Ticketmaster,gpidgeley6h
518,Twitter,kheaseman6i
248,Instagram,akingscott6j
638,Vinted,ehalifax6k
168,Twitch,cbreeton6l
815,Vinted,bwalrond6m
135,Youtube,lconaghy6n
88,Emporio Armani,jpomphrett6o
753,LetterBox,dklouz6p
184,LetterBox,rlenz6q
255,Hermes,lblaksland6r
928,HBO,sshurville6s
965,Balenciaga,iantrim6t
779,Netflix,eseefeldt6u
477,HBO,fsowrey6v
177,Shein,tdinneges6w
758,TF1+,ghawkins6x
696,Hermes,nyellop6y
959,M6,dthackwray6z
260,Twitch,bsubhan70
254,Amazon,cfrowing71
268,Twitch,sfaccini72
588,TF1+,urye73
414,Louis Vuitton,lcreddon74
3,Burger King,cgianotti75
629,McDo,dshearman76
230,Emporio Armani,dteliga77
788,The Fork,ccallam78
634,Netflix,spolglaze79
76,The Fork,gfitzalan7a
556,Vinted,mlepick7b
848,"",mhallitt7c
141,Emporio Armani,klucus7d
381,Ticketmaster,kgerriets7e
651,Burger King,etole7f
411,Facebook,uiorillo7g
436,Paramount+,lickowics7h
806,Shein,jstoddart7i
705,LetterBox,jglendzer7j
686,Strava,lliccardi7k
936,"",mscrammage7l
421,Hermes,lstapylton7m
702,"",bcrecy7n
763,Balenciaga,blufkin7o
581,Youtube,ctedorenko7p
235,Facebook,tpeddersen7q
943,Instagram,locarney7r
490,Instagram,vpessel7s
634,Instagram,jmcilraith7t
562,Vinted,stakis7u
886,Hermes,ichurchill7v
882,Ticketmaster,lhaley7w
122,Netflix,agatheral7x
244,Twitter,fglauber7y
193,McDo,fgirsch7z
773,Burger King,zcampbelldunlop80
603,TF1+,jlattka81
975,Hermes,blowing82
236,Louis Vuitton,arobak83
89,Vinted,adrewclifton84
13,Netflix,gluthwood85
692,Amazon,rburnell86
659,Vinted,gremmers87
884,Foodvisor,afatscher88
103,The Fork,dpaten89
683,The Fork,bpiggens8a
328,Twitch,lskoggins8b
426,Audible,akinningley8c
418,Burger King,jmcphate8d
960,Audible,mcastanone8e
629,Twitter,bfollows8f
677,Instagram,sconsadine8g
230,Louis Vuitton,dhaighton8h
396,Instagram,oellingsworth8i
299,Vinted,ajakubowicz8j
17,TikTok,bpratley8k
766,LetterBox,jkobel8l
342,TF1+,dedgeson8m
93,Balenciaga,hgurko8n
785,Vinted,arapport8o
491,Uber Eats,mrengger8p
313,Facebook,gtumini8q
204,Balenciaga,lnaptin8r
466,Vinted,wbengough8s
651,KFC,mpadmore8t
638,KFC,dcorey8u
111,Emporio Armani,ltaylorson8v
150,LetterBox,aramalhete8w
168,McDo,amerill8x
223,Facebook,rlegion8y
932,Vinted,dblasiak8z
374,Hermes,zpover90
821,Emporio Armani,jmcalpin91
463,Netflix,nledur92
77,Ticketmaster,sohalligan93
894,Hermes,jwhelpdale94
66,H&M,kstratz95
598,"",adigregorio96
852,Uber Eats,cerb97
37,iMDB,epowton98
312,Paramount+,phendrik99
645,TikTok,gdowthwaite9a
390,Paramount+,dbevir9b
95,KFC,tchevolleau9c
246,M6,oreimers9d
881,Twitch,ckeinrat9e
450,Audible,mgrayson9f
333,Shein,pgrayham9g
641,Youtube,ddowzell9h
919,H&M,nwalasik9i
769,Strava,jmayhow9j
59,LetterBox,ssmellie9k
217,Ticketmaster,swreath9l
871,Hermes,ngodilington9m
161,Amazon,ebadcock9n
730,Vinted,atarry9o
228,Emporio Armani,gpressdee9p
506,Emporio Armani,sroelvink9q
359,iMDB,dwemm9r
763,Youtube,tbennoe9s
223,Burger King,gohallagan9t
89,Burger King,ebartolini9u
787,KFC,emacconnulty9v
200,Facebook,kvell9w
41,McDo,alawly9x
254,"",jdepinna9y
559,Netflix,lalfonsetto9z
678,Ticketmaster,etattona0
418,Netflix,jsellanda1
142,Uber Eats,jbilstona2
711,Shein,acubberleya3
752,TikTok,kguillona4
531,Uber Eats,dgillisea5
158,Shein,abeeswinga6
285,TF1+,pnajeraa7
170,McDo,zwinchurcha8
511,McDo,ocrepela9
151,Ticketmaster,pholtaa
58,Hermes,disacssonab
607,Foodvisor,pbagotac
176,Twitch,tbenckad
759,Facebook,alasseterae
449,HBO,lghidiniaf
985,Emporio Armani,gdumperag
982,Instagram,anijsah
674,Twitch,wfrayneai
343,The Fork,heckaj
816,Amazon,ulamprechtak
38,TikTok,wbrudenellal
741,Netflix,falbrechtam
576,Audible,rhasardan
67,Paramount+,rmcfaulao
57,Twitch,ghanrahanap
526,Louis Vuitton,baleksichaq
727,TF1+,mbrinicombear
474,McDo,rrentenbeckas
503,HBO,gblasiat
292,KFC,bdimmockau
62,Netflix,hupsaleav
753,LetterBox,wdimnageaw
938,Youtube,sspicerax
715,Uber Eats,khayhurstay
679,Facebook,kdungayaz
143,Instagram,shibbartb0
912,Ticketmaster,mciepluchb1
917,Foodvisor,rchittyb2
42,M6,mattrideb3
170,Instagram,stourleb4
901,Audible,rmedlinb5
754,KFC,bneubiggingb6
952,Burger King,rsawellb7
124,Louis Vuitton,sdanilovb8
533,Louis Vuitton,cfynnb9
731,Strava,aabelovitzba
315,H&M,jschuelckebb
613,iMDB,einkerbc
762,Twitter,rwildbd
118,KFC,lgarnettbe
599,Emporio Armani,kuzzellbf
608,Burger King,brennybg
885,Burger King,mpitkeathlybh
13,LetterBox,pfortebi
501,Burger King,mdebischopbj
528,Foodvisor,harsmithbk
461,Facebook,clapennabl
350,Emporio Armani,dmacconnalbm
362,TF1+,avalebn
100,H&M,mnutmanbo
661,The Fork,ldurninbp
24,Twitch,hcramerbq
182,Hermes,vanchorbr
111,Uber Eats,rjurgensenbs
181,Audible,sstollbt
588,Shein,jmeasenbu
411,Uber Eats,rashbeebv
297,Shein,tvenessbw
444,Audible,mpawlettbx
59,Foodvisor,cphilipsonby
811,Twitter,rfehnerbz
901,McDo,mivec0
469,Hermes,jdeglanvillec1
667,Audible,aguerrieroc2
870,Audible,nguillonc3
193,TikTok,vlantophc4
173,Audible,mleathardc5
362,Hermes,ebrockhousec6
647,TF1+,kelbournc7
53,Vinted,aolletc8
314,Hermes,wnovelloc9
994,The Fork,mbeckwithca
345,Shein,phainecb
166,Foodvisor,gsilcockscc
216,Emporio Armani,stidboldcd
829,Hermes,kcoulterce
22,Louis Vuitton,lmccorriecf
650,HBO,lhinnerkcg
832,TF1+,ringlisch
203,Twitter,zbosseci
574,Instagram,ccurtaincj
211,Audible,lplaskittck
652,Shein,lmcmeekincl
406,Instagram,iruoscm
435,M6,felmhirstcn
191,Foodvisor,gmorterco
591,Amazon,estatersfieldcp
24,Audible,eantonionicq
760,Balenciaga,jculycr
39,Uber Eats,cwannescs
396,Netflix,mreinbechct
955,iMDB,acaselycu
592,Foodvisor,rblakelockcv
731,Burger King,fdangerfieldcw
487,McDo,zhakescx
530,Netflix,bgawithcy
15,Netflix,blazenbycz
297,Instagram,ldeignand0
661,Youtube,slangelayd1
632,HBO,sbuttend2
997,Instagram,lmaltd3
773,Instagram,rschrievesd4
52,Facebook,ujimenod5
94,Shein,nyaneevd6
866,H&M,sconnald7
890,Netflix,oeyamd8
499,Burger King,ldiamondd9
352,Twitch,cthackerda
588,Paramount+,eneevesdb
838,Youtube,skennandc
708,Balenciaga,cgridondd
345,Shein,wrudhamde
598,Netflix,lcastanagadf
212,Netflix,gcampellidg
706,iMDB,noshaughnessydh
57,iMDB,ndurgandi
178,Facebook,ajansensdj
385,Ticketmaster,ksimonedk
891,Emporio Armani,elellodl
231,Burger King,ginsealdm
119,KFC,bmeedn
944,TF1+,acamamiledo
730,Amazon,npadghamdp
997,Instagram,dmackeydq
723,Twitch,wledurdr
918,TF1+,omaclaughlinds
259,Balenciaga,kbavridgedt
521,Louis Vuitton,wreendu
301,"",cfaldoedv
66,TikTok,ltestodw
692,Foodvisor,rkharchinskidx
314,M6,kbuckthorpdy
832,iMDB,cmaysdz
748,Uber Eats,bharme0
287,LetterBox,blugsdine1
729,Paramount+,mscrivenore2
868,iMDB,emcphatee3
348,Instagram,sluxone4
695,Ticketmaster,dsabatese5
774,Instagram,hsearye6
965,Hermes,njacobovitze7
832,KFC,gcottue8
994,TikTok,rhovye9
340,Louis Vuitton,trogierea
687,The Fork,jskatchereb
656,TF1+,hneliusec
801,LetterBox,ocousensed
637,KFC,nwhimpee
495,Twitter,sallinef
466,Facebook,rkerbeyeg
505,Hermes,djoliffeeh
593,Emporio Armani,esomerscalesei
358,HBO,blebelej
794,Twitter,ghamek
92,Hermes,tbainbriggeel
304,"",shasnneyem
684,Strava,khuckabeen
78,Ticketmaster,prosenbuscheo
101,Audible,ipoundfordep
855,M6,mshevlineq
278,Amazon,lfreener
950,Twitch,sgristockes
376,Balenciaga,deaveset
112,Strava,agleasaneeu
440,Hermes,hwhetlandev
603,McDo,dvandendaelew
534,Balenciaga,rbecerilex
180,Strava,rkelsowey
357,Strava,rgillez
65,HBO,smessiterf0
702,H&M,ebaudassif1
201,Audible,etuffreyf2
384,H&M,nfraginof3
69,Balenciaga,dfosterf4
255,Hermes,kwaleranf5
443,Ticketmaster,akrugmannf6
383,TikTok,lfarragherf7
701,Uber Eats,ewinhamf8
549,iMDB,lfilipicf9
130,Twitch,kleekfa
121,Twitch,cfairbournfb
446,Shein,bwattonfc
713,HBO,moakdenfd
300,"",higgofe
832,Youtube,oparvinff
806,Burger King,sgaraghanfg
690,Youtube,bdalessandrofh
978,Youtube,celdredfi
433,Paramount+,dlustyfj
856,M6,dcausierfk
887,Twitch,cpelerinfl
945,Paramount+,maronovfm
649,TikTok,cdustfn
864,Paramount+,omoneyfo
308,KFC,mgoudgefp
671,Ticketmaster,jgollingfq
355,"",bphilipartfr
146,Paramount+,rdunsmorefs
924,H&M,lrazouxft
121,Shein,ykochelfu
31,TF1+,mmaasfv
349,Netflix,mmaddoxfw
177,"",gburnsydefx
369,TF1+,bwestphalfy
958,"",jugolinifz
671,Balenciaga,dmechang0
249,HBO,nchatwoodg1
294,Amazon,hsibthorpg2
100,HBO,lbinghamg3
311,"",gonging4
308,Foodvisor,blambling5
508,Shein,jknivettg6
309,Louis Vuitton,swohlerg7
130,HBO,gsireg8
394,Uber Eats,sgroseg9
598,"",ccolnetga
5,Audible,tyarnallgb
766,Vinted,lcapozzigc
122,TF1+,thullsgd
420,Hermes,jbrazurge
4,TF1+,ecablegf
912,Twitter,phoggangg
793,HBO,mbridalgh
460,Shein,kmerguegi
983,Twitter,lchinerygj
585,Facebook,cdarnbrookgk
689,Netflix,adommgl
455,Strava,isoughtongm
923,Facebook,bpancoastgn
76,Twitter,wbowgengo
467,Vinted,bcastiellogp
365,Uber Eats,ebrutegq
680,Netflix,abaackgr
498,Facebook,wtrickeygs
761,Emporio Armani,odibbegt
254,KFC,chyamsgu
460,McDo,mcawkergv
386,Foodvisor,sburgwyngw
984,Foodvisor,rabramowitzgx
611,Paramount+,enawtongy
500,H&M,atouretgz
684,Vinted,mlangeleyh0
862,Audible,gdungateh1
198,Strava,mcolwillh2
699,Twitter,rzecchettih3
347,Burger King,jmallalieuh4
647,Burger King,omckeggieh5
785,Burger King,dmaniloveh6
654,"",dhoultonh7
349,"",msweatmanh8
451,KFC,gsmowtonh9
27,Foodvisor,aapdellha
531,Emporio Armani,mboatrighthb
856,TF1+,bkenworthyhc
853,Audible,lgiovannaccihd
26,Twitter,jhaseldinehe
627,Strava,tlaxtonhf
614,H&M,tbravingtonhg
71,Foodvisor,hgourliehh
534,McDo,celoihi
301,Hermes,ygotthardhj
305,Emporio Armani,rgreatexhk
397,HBO,dbeallhl
25,Louis Vuitton,achattellhm
609,HBO,spiketthn
439,The Fork,hdarkerho
802,Uber Eats,jryburnhp
795,HBO,rbiestyhq
638,HBO,akayehr
234,The Fork,epetetths
60,Foodvisor,pvilesht
908,Foodvisor,jokeevanhu
320,Strava,wjurczikhv
5,Burger King,egladwinhw
203,The Fork,vnultyhx
247,McDo,mrentcomehy
58,The Fork,rizonhz
92,Instagram,dgunteri0
492,Strava,jblaasei1
183,Amazon,lwardropei2
482,iMDB,jdehaveni3
404,Paramount+,cliddyardi4
288,HBO,ltrayfordi5
102,Audible,ffeldmani6
328,TF1+,pwillansi7
415,Ticketmaster,sbillyardi8
303,Uber Eats,tolooneyi9
361,Shein,baldusia
829,Shein,rwoodallib
44,The Fork,tpresseric
721,Balenciaga,jmassimoid
655,TikTok,apallentie
750,Twitch,fwycliffif
820,Louis Vuitton,gaxupig
821,Uber Eats,dgrimsdykeih
398,"",cdymickii
260,"",jgiacomettiij
584,Paramount+,mdemaineik
191,Foodvisor,weckersallil
841,TF1+,gbolusim
941,Uber Eats,jcharlonin
942,McDo,gmaggillandreisio
770,Uber Eats,scraykerip
241,McDo,sbidgoodiq
3,Hermes,dhartiganir
426,Facebook,aroocroftis
320,LetterBox,sgubbinsit
243,McDo,mcharrissoniu
719,Ticketmaster,awilboriv
436,Louis Vuitton,cborgbartoloiw
381,Louis Vuitton,bwetherickix
520,Burger King,lsholliy
507,Shein,rdodgshuniz
387,Amazon,ebalasj0
183,Facebook,hhodgesj1
183,H&M,pdexterj2
641,McDo,aworshamj3
63,Instagram,uswarbriggj4
446,Youtube,azorzinij5
184,Ticketmaster,apignonj6
320,Twitch,frenowdenj7
693,Emporio Armani,cvaunj8
669,Ticketmaster,gdumbellj9
868,The Fork,wsoldnerja
862,Facebook,agasconejb
803,HBO,alatourjc
297,Ticketmaster,ceaglejd
14,Ticketmaster,rpauloje
130,LetterBox,ttracyjf
679,Amazon,uknellerjg
823,Twitch,icrowdyjh
515,Shein,wdjuricicji
748,Facebook,hshearajj
119,Twitter,clyngstedjk
779,Youtube,cliggonsjl
953,Youtube,jjanksjm
958,LetterBox,athirwelljn
993,TikTok,santonioujo
246,TikTok,rdowdenjp
206,Amazon,cstuddeardjq
887,Amazon,jokeshottjr
973,"",cdouldenjs
565,Louis Vuitton,npavlukjt
193,KFC,etrenamanju
32,Youtube,sfulcherjv
361,Amazon,aprobyjw
862,iMDB,cmitchelmorejx
956,Burger King,cbrodneckejy
352,Uber Eats,dvinckjz
526,LetterBox,scowtherdk0
253,Instagram,rlyverk1
628,The Fork,pvantk2
935,Emporio Armani,gskudderk3
803,Uber Eats,aplaink4
35,Twitch,pjudenk5
344,Balenciaga,singlesonk6
680,Paramount+,kliversidgek7
121,LetterBox,rwilbork8
46,Paramount+,gsproulsk9
853,HBO,bbansteadka
632,TF1+,jlanbertonikb
491,Twitch,pkovalskikc
959,KFC,gpondekd
922,HBO,lpocklingtonke
779,Uber Eats,llearoydkf
56,HBO,amonkkg
523,LetterBox,bzmitrovichkh
297,Foodvisor,dcastelainki
935,Twitter,lmanskekj
486,Youtube,khethronkk
638,Amazon,mwhipplekl
734,Foodvisor,tdeeslykm
211,Instagram,ljamarykn
666,Shein,ncullaghko
383,LetterBox,bprettejohnskp
514,Louis Vuitton,mmcgrillkq
992,Paramount+,hgiamittikr
52,Louis Vuitton,aclemonks
924,Foodvisor,gvanrembrandtkt
332,McDo,sburnsydeku
509,"",mbartolomeottikv
953,Strava,mchasteykw
800,Audible,ibeediekx
178,Balenciaga,dkordovaky
352,Burger King,adovermannkz
148,iMDB,lhixsonl0
69,HBO,klillymanl1
821,Hermes,igilfordl2
725,Facebook,fpetryl3
642,Shein,kdelosl4
766,Foodvisor,kdogetl5
81,TikTok,elowmassl6
663,H&M,hocurriganl7
565,LetterBox,mmyttonl8
198,TikTok,smixerl9
268,TF1+,ajacobszla
388,Instagram,rfaaslb
238,LetterBox,ybarrablelc
664,iMDB,egoaleyld
703,Uber Eats,rkettridgele
472,H&M,awoodrooflf
668,Shein,ckirragelg
341,Instagram,nhenriquetlh
934,Vinted,mbentickli
279,Vinted,ltrahearlj
986,Facebook,bmouldlk
418,"",vsuttyll
268,Audible,rfearnyhoughlm
285,Louis Vuitton,adurtnallln
415,Instagram,rrubilo
302,McDo,slarventlp
765,Twitch,gchasemorelq
420,TikTok,adodgelr
983,The Fork,acallendarls
579,Facebook,tkienllt
525,Vinted,tenderwicklu
968,HBO,dbachellierlv
133,McDo,svestylw
719,H&M,ehartgilllx
105,M6,abalharriely
874,The Fork,qchaudhrylz
216,TikTok,mmcpeicem0
353,Amazon,bolesm1
479,Strava,ljurzykm2
665,Netflix,wstickleym3
190,Foodvisor,mfraanchyonokm4
222,Emporio Armani,rcraytonm5
224,Vinted,gdunstanm6
764,Burger King,trenzullom7
646,Instagram,epardym8
684,The Fork,rbottermanm9
216,"",dsamwellma
681,Hermes,raymericmb
893,Vinted,mkolodziejskimc
151,Uber Eats,aoneillmd
169,TikTok,mjewksme
965,"",ebrownmf
286,"",rcoilsmg
163,Balenciaga,esimpermh
472,Burger King,mkrzyzaniakmi
78,TikTok,scorpesmj
493,Foodvisor,vosullivanmk
27,LetterBox,sattardml
982,KFC,hpescudmm
131,"",hbugdenmn
664,Twitter,fwintermo
645,TF1+,rfarnallmp
796,Foodvisor,bthomassetmq
800,Hermes,nlittlemr
582,Burger King,lmeadowcraftms
444,LetterBox,cshrivemt
403,iMDB,bwillingalemu
914,Netflix,gpressleemv
297,Uber Eats,cschiellmw
36,Hermes,mmanklowmx
273,Instagram,fgrigorianmy
22,Foodvisor,pglovermz
789,Burger King,csmallshawn0
330,iMDB,jpietruszewiczn1
180,Vinted,apennycuickn2
557,Vinted,astorriern3
694,Uber Eats,cgiovannellin4
639,Vinted,fsanbrookn5
940,TikTok,aambrogionin6
753,Audible,kpuntn7
989,TikTok,bgonouden8
785,Twitch,aslyn9
607,Youtube,afattorinina
378,HBO,dgrogonanb
680,Instagram,dlenaghennc
254,Ticketmaster,rgilardengond
210,Twitter,dbloorne
712,Twitch,sbernuccinf
624,Ticketmaster,lbrightyng
449,McDo,mantwisnh
891,TF1+,cheddeni
324,Burger King,lwhitmellnj
294,The Fork,rabbadonk
27,The Fork,jrasornl
751,iMDB,mpatrynm
726,Emporio Armani,dcavesnn
731,iMDB,fbanasiakno
97,LetterBox,rdawesnp
241,Netflix,wstrettonnq
131,Netflix,vtogwellnr
409,Instagram,tmarrianns
345,Emporio Armani,vrennekent
743,Youtube,aionesconu
600,Louis Vuitton,mwulfingernv
146,The Fork,hvaninnw
194,Twitter,mlangthornenx
218,HBO,lponderny
858,Strava,abenedettininz
790,iMDB,aboweo0
629,Foodvisor,htotho1
501,iMDB,bbaldreeo2
208,iMDB,msharmao3
692,McDo,doquirko4
281,Twitch,zandriveauo5
57,M6,nquilleasho6
767,Ticketmaster,aplettso7
820,Balenciaga,fblazejo8
283,H&M,snardio9
23,Emporio Armani,aflippinioa
248,Balenciaga,hboordob
999,Foodvisor,tleacyoc
759,Shein,hdreigherod
488,Hermes,vcrosseroe
672,Paramount+,tliebermannof
876,TikTok,mchueog
525,TF1+,motsonoh
862,KFC,wdunkerleyoi
615,Amazon,dbrisbaneoj
97,Vinted,nblytheok
648,Youtube,bbernadzkiol
728,Paramount+,mkindallom
898,Ticketmaster,skendredon
638,Twitch,agambelloo
797,Foodvisor,rgiacopazziop
471,M6,tsibthorpeoq
248,Netflix,tcadellor
376,Foodvisor,fhesselos
365,Twitter,ccarnegyot
436,Youtube,bszachou
221,Strava,lsambrokov
106,H&M,atempletonow
350,Ticketmaster,dlindenmanox
324,Twitch,jwhitbyoy
627,Strava,ctiplingoz
31,Facebook,dduckitp0
32,Facebook,bolrenshawp1
50,Strava,syaneevp2
104,Twitter,nsalewayp3
736,iMDB,tmagogp4
820,Hermes,jloguep5
461,Emporio Armani,inassip6
445,McDo,sbridglandp7
564,Foodvisor,fmasserelp8
786,Vinted,dcalbaithep9
19,KFC,dbreacherpa
24,Ticketmaster,aarsnellpb
237,Audible,jbozworthpc
692,Foodvisor,lsonscheinpd
568,Twitch,gbatonpe
959,Paramount+,stenniswoodpf
162,Audible,ltrussepg
889,Ticketmaster,meadenph
777,Emporio Armani,jeadenpi
880,Shein,eranyellpj
864,Instagram,bpattisonpk
669,Foodvisor,dbrownhillpl
467,Uber Eats,ochansonnaupm
526,H&M,vsutherleypn
159,Paramount+,owabererpo
178,McDo,dwudelandpp
74,M6,oakriggpq
322,Burger King,dthreshpr
889,Amazon,ffarnyps
838,Audible,hstockmanpt
678,Uber Eats,rboulderpu
808,Louis Vuitton,abergpv
267,Uber Eats,dsilbertpw
321,Netflix,rsnufflebottompx
866,LetterBox,dcurtainpy
854,M6,cjeppspz
533,H&M,ademcakq0
966,Youtube,jroffeyq1
711,Amazon,achampleyq2
896,Foodvisor,jbugbyq3
554,Ticketmaster,dnossentq4
200,Emporio Armani,byuleq5
149,Louis Vuitton,aweatherupq6
816,Instagram,bmarrowq7
97,Paramount+,bteresaq8
610,Shein,bingreeq9
372,M6,cjacobssonqa
360,Audible,bdallawayqb
144,LetterBox,jkilgourqc
903,Instagram,mnorthwoodqd
544,Facebook,kmccrackemqe
950,Foodvisor,crhoadesqf
1,Ticketmaster,anorcrossqg
567,Paramount+,lsappsonqh
976,Netflix,srappaqi
373,Emporio Armani,zvonweldenqj
7,Hermes,aleapqk
457,H&M,jcheineql
342,Strava,cvanarsdaleqm
391,M6,tohowbaneqn
669,M6,dbranscombeqo
995,Emporio Armani,jshaleqp
807,Burger King,jtailourqq
826,Facebook,rblaskettqr
791,Louis Vuitton,agierckqs
938,Ticketmaster,sdelabarreqt
767,The Fork,hmcquaidequ
459,Facebook,thuygensqv
847,H&M,cmerrissonqw
655,TikTok,mmartinovicqx
641,TikTok,eseagoqy
425,Facebook,kleadbeatterqz
62,Twitch,jjamblinr0
165,LetterBox,bclayhillr1
821,Ticketmaster,fmethvenr2
682,iMDB,alilburnr3
249,LetterBox,rosheeryner4
51,The Fork,bkingstonr5
323,Twitch,dclawleyr6
877,Facebook,rfursser7
137,TikTok,sfauningr8
460,Facebook,gburchmorer9
317,LetterBox,graysra
676,Louis Vuitton,mgrigoryevrb
727,Audible,lseifenmacherrc
136,Foodvisor,fbetkerd
473,TF1+,alejeanre
219,McDo,mtewkesberrierf
376,Youtube,ggatenbyrg
987,LetterBox,hstollmeyerrh
942,Youtube,niacobacciri
727,Twitter,qbthamrj
351,McDo,jmerfinrk
624,Paramount+,bbaldcockrl
94,TikTok,aastierm
395,TF1+,amartschkern
613,Twitter,hjentro
806,Balenciaga,abobaschrp
761,KFC,cmaccallionrq
820,The Fork,cebertsrr
