idAAv,nom,genre
183,That Man from Rio,Animation
962,Election Day,Animation
654,"Gambler, The (Játékos, A)",Livres
569,"Miracle of Bern, The (Wunder von Bern, Das)",Livres
637,"Jo Jo Dancer, Your Life is Calling",Comédie
271,Lila & Eve,Horreur
99,Brutal Relax,Super-héros
527,Portrait of Jennie,Thriller
251,"Lincoln Lawyer, The",Super-héros
18,"Delicate Balance, A",Musique
749,"Tomb of Ligeia, The",Horreur
486,I as in Icarus (I... comme Icare),Culture
1020,Inside Job,Super-héros
989,Cialo,Livres
582,More American Graffiti,Horreur
1000,"Portrait of a Lady, The",Horreur
254,"Fifth Estate, The",Comédie
621,Soundbreaker ,Romance
1023,Southern District (Zona Sur),Romance
786,Grief,Thriller
965,Wal-Mart: The High Cost of Low Price,Musique
123,Cadillac Records,Fantastique
399,"Princess and the Warrior, The (Krieger und die Kaiserin, Der)",Romance
924,"Fox, The",Fantastique
1006,House Hunting,Livres
875,Games People Play: New York,Musique
48,Adventures of Tarzan,Super-héros
67,Carbon Copy,Culture
878,Broken Trail,Animation
359,Chiedimi se sono felice,Fantastique
454,Mortuary,Super-héros
139,King of the Jungle,Science-fiction
722,"Exterminator, The",Horreur
805,Creature,Science-fiction
406,Afghan Luke,Animation
539,"Big Hangover, The",Super-héros
990,Mala Noche,Musique
843,First Shot,Musique
591,Starting Out in the Evening,Horreur
740,Your Friend the Rat,Horreur
486,Prinsessa Ruusunen,Culture
801,The Righteous Thief,Super-héros
530,Daddy's Dyin'... Who's Got the Will?,Culture
582,Ed,Culture
430,Contact,Musique
595,"Rocket, The",Romance
466,Midway,Drame
608,"Ghost, The",Horreur
236,In the House,Livres
1014,Love Hina Again,Drame
747,"Parent Trap, The",Science-fiction
515,Gardens of Stone,Livres
866,Snipes,Thriller
51,A Girl Walks Home Alone at Night,Horreur
724,Zombie Apocalypse,Culture
1070,"Tracey Fragments, The",Science-fiction
890,"Mooring, The",Musique
720,Zookeeper,Science-fiction
348,Sunny (Sseo-ni),Thriller
532,Stuart Little 3: Call of the Wild,Science-fiction
196,Rampart,Romance
790,Loner (Woetoli),Thriller
851,The Thief,Comédie
486,"Girl in the Park, The",Comédie
1040,Wallace & Gromit: A Close Shave,Super-héros
742,Midnight's Children,Science-fiction
428,Sasha (Sascha),Fantastique
259,Full Tilt Boogie,Fantastique
482,After School Midnighters (Hôkago middonaitâzu),Horreur
490,"Line King: The Al Hirschfeld Story, The",Romance
893,Moonwalker,Comédie
596,"Amanece, que no es poco",Drame
398,Sideways,Horreur
697,9th Company,Comédie
997,Cronos,Romance
462,Encounters at the End of the World,Horreur
677,Prairie Love,Fantastique
315,Nine Lives (Ni liv),Super-héros
63,Metallica: Some Kind of Monster,Livres
447,"Mark of Cain, The",Animation
645,Watership Down,Fantastique
113,Amy,Musique
879,"Hail Mary ('Je vous salue, Marie')",Thriller
914,Our Children (À perdre la raison),Fantastique
223,"Baxter, The",Science-fiction
705,One Hour Photo,Animation
379,Inside Llewyn Davis,Culture
526,Mein Leben - Marcel Reich-Ranicki,Horreur
205,May Fools (Milou en mai),Culture
735,Extreme Measures,Super-héros
1057,Back to the Future,Horreur
1061,Never Take Candy from a Stranger (Never Take Sweets from a Stranger),Drame
780,"Short Game, The",Science-fiction
290,"Tramp, The (Awaara) (Awara)",Culture
623,Territories ,Super-héros
727,Stuart Little 3: Call of the Wild,Horreur
598,Bewitched,Thriller
16,Back to the Beach,Livres
108,Beloved,Fantastique
161,Mission Bloody Mary,Thriller
586,"Eye Above the Well, The (Het oog boven de put)",Drame
167,Slaves to the Underground,Horreur
8,Remember My Name,Animation
790,Christmas in August (Palwolui Christmas),Super-héros
806,"Ruling Class, The",Drame
496,Below the Belt,Super-héros
1052,Looking Forward,Science-fiction
1034,"Living Skeleton, The (Kyûketsu dokuro-sen)",Livres
171,"Black Camel, The (Charlie Chan in the Black Camel)",Thriller
934,Howards End,Animation
474,Airport,Culture
397,Chesty: A Tribute to a Legend,Drame
1005,Fever,Fantastique
640,Creepshow 2,Romance
438,Borderland,Musique
797,Dead Genesis,Fantastique
289,Ernest & Célestine (Ernest et Célestine),Drame
513,Mr. Deeds Goes to Town,Super-héros
1063,Jack and the Cuckoo-Clock Heart (Jack et la mécanique du coeur),Livres
1047,Midnight Chronicles,Musique
961,Lentsu,Drame
602,Jackass 2.5,Musique
289,Something Wicked This Way Comes,Comédie
992,Chuck Berry Hail! Hail! Rock 'n' Roll,Science-fiction
246,"Soft Skin, The (La peau douce)",Culture
27,Glory,Super-héros
290,"Beast from 20,000 Fathoms, The",Animation
655,Asterix vs. Caesar (Astérix et la surprise de César),Super-héros
107,I'll Never Forget What's'isname,Horreur
397,Comin' at Ya!,Animation
719,Year One,Science-fiction
515,Madam Satan,Comédie
643,The Great Spy Chase,Romance
326,Heckler,Thriller
960,Steal This Film,Science-fiction
1000,Prairie Love,Musique
573,One Sunday Afternoon,Comédie
235,"Good Job:  Stories of the FDNY, A",Livres
393,Extraction,Musique
698,Four Sons,Romance
836,Funny Games,Animation
552,Mark of the Cop,Musique
380,Someone I Loved (Je l'aimais),Livres
811,Scooby-Doo! The Mystery Begins,Musique
905,42 Up,Thriller
843,Don't Torture a Duckling (Non si sevizia un paperino),Comédie
592,"Rack, The",Livres
60,Caught Up,Super-héros
799,Who Wants to Kill Jessie? (Kdo chce zabít Jessii?),Thriller
108,Barefoot in the Park,Comédie
337,My Cousin Rachel,Musique
95,Prince Valiant,Culture
107,Ghoulies III: Ghoulies Go to College,Livres
955,Love Meetings (Comizi d'amore),Super-héros
1004,Mud,Romance
154,Grave Encounters 2,Horreur
1051,Getting It Right,Super-héros
905,Apart from You (After Our Separation) (Kimi to wakarete),Musique
631,"Fall of the Roman Empire, The",Drame
689,"Star, The",Comédie
401,Wild Guitar,Fantastique
380,Downeast,Horreur
220,The Gilded Cage,Drame
290,Happy Feet Two,Drame
237,Night and Day,Romance
286,Hiroshima,Culture
345,Ants in the Pants 2,Musique
533,Lowlands (Tiefland),Comédie
286,Honeysuckle Rose (a.k.a. On the Road Again),Fantastique
713,Diên Biên Phú,Animation
4,Burn! (Queimada),Super-héros
961,Son of Paleface,Comédie
824,Rage at Dawn,Culture
858,Crossfire Hurricane,Culture
7,"State of Things, The (Stand der Dinge, Der)",Super-héros
879,Eye for an Eye,Thriller
1027,"Sleep, My Love",Science-fiction
652,Alien Autopsy,Fantastique
311,Hail Caesar,Fantastique
429,Getaway,Romance
367,"Report, The (Gozaresh)",Science-fiction
864,Love Crime (Crime d'amour),Romance
859,Age of Tomorrow,Horreur
31,No Man of Her Own,Musique
151,Merantau,Thriller
237,Harem suare,Musique
805,House,Horreur
29,Latcho Drom,Animation
54,"Grudge 3, The",Fantastique
34,"East, West, East: The Final Sprint",Romance
866,Rain Man,Comédie
774,Reckless,Livres
710,Bone,Animation
349,"Wings of Desire (Himmel über Berlin, Der)",Thriller
688,"Hatful of Rain, A",Musique
227,"Think Fast, Mr. Moto",Thriller
60,Loosies,Super-héros
651,Christmas in Connecticut,Super-héros
617,Let's Be Cops,Fantastique
486,The Living Idol,Comédie
242,Red Dawn,Super-héros
176,It Happens Every Spring,Drame
748,Bloody Angels (1732 Høtten: Marerittet har et postnummer),Super-héros
1000,On the Waterfront,Animation
823,Sphere,Culture
285,Berlin Express,Musique
867,"Little Prince, The",Comédie
98,"Liar, The (Valehtelija)",Horreur
540,Prince Valiant,Science-fiction
508,Afterglow,Animation
594,Ricky Rapper (Risto Räppääjä),Science-fiction
260,Wild Is the Wind,Fantastique
388,Man in the Wilderness,Drame
374,Au revoir les enfants,Fantastique
336,In a Glass Cage (Tras el cristal),Fantastique
465,American Teen,Horreur
1070,Young People,Super-héros
202,Crossfire Hurricane,Horreur
275,Romasanta: The Werewolf Hunt,Comédie
803,Balseros (Cuban Rafters),Comédie
463,Richard III,Culture
114,No Reservations,Livres
371,Prairie Love,Animation
322,Nocturna Artificialia,Super-héros
641,Bye-Bye,Romance
302,Fantastic Four,Livres
506,Wishmaster,Musique
796,"Yellow Sea, The (a.k.a. The Murderer) (Hwanghae)",Fantastique
295,Birthday Girl,Super-héros
391,"Holcroft Covenant, The",Romance
433,Ed,Super-héros
468,Captain January,Horreur
664,More American Graffiti,Musique
301,"Letter to Elia, A",Fantastique
672,"Untouchables, The",Livres
268,Citizen Koch,Animation
39,"Goodnight, Mister Tom",Culture
1058,Momma's Man,Fantastique
994,Imitation of Life,Science-fiction
607,Elf,Animation
602,Jesus of Montreal (Jésus de Montréal),Livres
1037,October Country,Livres
869,Nightmare,Horreur
1030,SOS - en segelsällskapsresa,Science-fiction
297,To Sir with Love,Science-fiction
45,I Don't Know How She Does It,Drame
766,In the Year of the Pig,Culture
1043,Seconds,Super-héros
224,Hounddog,Musique
233,Ed,Fantastique
910,Shadows (Cienie),Romance
802,"Clearing, The",Culture
174,Angels of the Universe (Englar alheimsins),Animation
332,Asphalt Playground (La cité rose),Livres
147,War Witch (Rebelle),Horreur
322,Riders,Horreur
339,Despicable Me,Science-fiction
609,What's Love Got to Do with It?,Thriller
1001,"Quarry, The",Culture
820,Mystery Road,Horreur
105,Soul Men,Thriller
96,Dream a Little Dream,Comédie
952,"Nibelungen: Siegfried, Die",Comédie
650,"Diaries of Vaslav Nijinsky, The",Romance
896,Transformers: Age of Extinction,Drame
792,Sydney (Hard Eight),Science-fiction
228,Invisible Agent,Super-héros
696,"Night Porter, The (Portiere di notte, Il)",Animation
680,The Well,Livres
664,Father and Guns (De père en flic),Drame
866,Out of the Blue,Super-héros
86,"Story of Marie and Julien, The (Histoire de Marie et Julien)",Science-fiction
630,Cat People,Thriller
846,Necessary Roughness,Super-héros
882,Dune,Super-héros
807,She Creature (Mermaid Chronicles Part 1: She Creature),Romance
649,"Toy, The",Fantastique
239,Girls! Girls! Girls!,Drame
786,"Campaign, The",Livres
644,Blood Creek (a.k.a. Town Creek),Drame
298,Underclassman,Livres
1046,Couples Retreat,Comédie
404,Baxter,Horreur
821,Video Games: The Movie,Comédie
661,"Garden of the Finzi-Continis, The (Giardino dei Finzi-Contini, Il)",Super-héros
438,Streets of Laredo,Culture
773,Night Train,Culture
374,"Horse Boy, The",Science-fiction
452,"Tillman Story, The",Drame
229,Legally Blonde,Thriller
659,"Good Life, The",Livres
509,Lili Marleen,Fantastique
773,"Prophet, A (Un Prophète)",Romance
672,"Night Porter, The (Portiere di notte, Il)",Science-fiction
631,D.C. Cab,Animation
362,"Stendhal Syndrome, The (Sindrome di Stendhal, La)",Fantastique
732,Lone Wolf and Cub: Sword of Vengeance (Kozure Ôkami: Kowokashi udekashi tsukamatsuru),Thriller
404,Paths of Hate,Horreur
236,Hair,Livres
204,Looper,Livres
478,Bal (Honey),Horreur
846,"Donner Party, The",Romance
412,War Witch (Rebelle),Horreur
212,Ace Ventura: When Nature Calls,Livres
567,Peter Pan,Culture
754,It's Alive,Musique
425,"Student of Prague, The (a.k.a. Bargain with Satan, A) (Student von Prag, Der)",Comédie
654,Basic Instinct 2,Super-héros
637,Nixon,Livres
912,Reckless,Livres
1056,"'Human' Factor, The (Human Factor, The)",Horreur
313,Virgin Territory,Science-fiction
841,White Lightnin',Horreur
353,Dodgeball: A True Underdog Story,Fantastique
107,Turning Tide (En solitaire),Musique
992,Into the Wild,Thriller
468,Autumn Sonata (Höstsonaten),Thriller
551,Eight Crazy Nights (Adam Sandler's Eight Crazy Nights),Thriller
307,The Hyperboloid of Engineer Garin (Giperboloid inzhenera Garina),Musique
801,Slumdog Millionaire,Romance
354,Dead Tired (Grosse Fatigue),Super-héros
267,"SpongeBob Movie: Sponge Out of Water, The",Super-héros
457,Dead Again,Animation
864,Hush!,Fantastique
1038,Cobra Woman,Musique
803,Heavy Metal,Super-héros
426,Television Under the Swastika (Das Fernsehen unter dem Hakenkreuz),Livres
668,"Dance, Girl, Dance",Thriller
676,Nightwing,Super-héros
376,Yossi (Ha-Sippur Shel Yossi),Animation
839,"Act of Killing, The",Animation
178,Star Wars: Episode V - The Empire Strikes Back,Drame
48,Valentine's Day,Comédie
692,Syrup,Horreur
761,Finding Amanda,Comédie
710,Burke and Hare,Culture
305,Dead Presidents,Fantastique
14,"Funeral, The",Science-fiction
131,Fever,Culture
1063,Frankenstein Conquers the World,Musique
923,Dona Flor and Her Two Husbands (Dona Flor e Seus Dois Maridos),Horreur
768,And God Created Woman,Fantastique
395,Cry of the Banshee,Science-fiction
243,Around the World Under the Sea,Culture
100,Deceptive Practice: The Mysteries and Mentors of Ricky Jay,Fantastique
11,The Beaver Trilogy,Livres
212,Moneyball,Culture
191,It Started in Naples,Horreur
84,Casa de los babys,Science-fiction
518,"Man with a Cloak, The",Animation
694,Barefoot Gen 2 (Hadashi no Gen II),Livres
128,Top Floor Left Wing (Dernier étage gauche gauche),Culture
340,Ethel,Musique
1038,Rosvo Roope,Culture
539,Skirt Day (La journée de la jupe),Thriller
118,"Manta, Manta",Drame
794,Up the River,Animation
105,As it is in Heaven (Så som i himmelen),Thriller
115,"Silent One, The",Drame
351,Forbidden Zone,Livres
366,Love Crime (Crime d'amour),Super-héros
752,Mike Birbiglia: What I Should Have Said Was Nothing,Drame
743,Win/win,Animation
649,Drive Angry,Fantastique
303,Trancers III,Romance
301,Romance on the High Seas,Horreur
717,"Trans-Atlantic Tunnel (Tunnel, The)",Culture
644,Playing by Heart,Animation
351,King of Thorn (King of Thorns) (Ibara no O),Science-fiction
116,Fuck Up,Animation
819,Kismet,Science-fiction
458,"Maltese Falcon, The (a.k.a. Dangerous Female)",Fantastique
780,"Age of Innocence, The",Super-héros
131,Hannah Arendt,Animation
846,Enid Is Sleeping,Thriller
213,Scream of Fear (a.k.a. Taste of Fear),Horreur
78,Paintball,Super-héros
785,Circle of Friends,Culture
1020,"Man from Planet X, The",Livres
780,Four Sided Triangle,Musique
577,First Shot,Science-fiction
948,Burn Up!,Musique
596,Mujhse Dosti Karoge!,Comédie
1070,"What's Up, Scarlet?",Thriller
619,Highlander: Endgame (Highlander IV),Horreur
797,"Tomb of Ligeia, The",Fantastique
89,Kill for Me,Drame
75,"Agronomist, The",Livres
736,Sweet Rush (Tatarak),Thriller
991,Once Upon a Time in America,Culture
494,Falling in Love Again,Romance
1039,"Burning Bed, The",Thriller
1056,Pope Joan (Die Päpstin),Thriller
994,Daria: Is It College Yet?,Thriller
811,"Mistress of Spices, The",Drame
3,9th Company,Comédie
600,Reykjavik Whale Watching Massacre,Fantastique
879,Born Yesterday,Horreur
1067,Shogun Assassin,Comédie
192,Dirty Sanchez: The Movie,Horreur
254,"Unknown Known, The",Comédie
890,Things to Do in Denver When You're Dead,Drame
865,"Number 23, The",Fantastique
292,Bigger Than Life,Thriller
863,Aliens,Drame
548,"Liar, The (Valehtelija)",Super-héros
258,Cheerleader Camp,Animation
794,Black Widow,Super-héros
586,Bill Hicks: Relentless,Romance
662,Everything Put Together,Musique
626,Trail of the Pink Panther,Thriller
144,"Rite, The",Animation
436,Superdad,Thriller
409,"Corrina, Corrina",Fantastique
578,Terms and Conditions May Apply,Musique
644,State Property 2,Livres
12,Lupin the Third: The Secret of Mamo,Thriller
204,Django,Musique
229,Manito,Thriller
682,Teenage Dirtbag,Fantastique
1011,Stevie Nicks: Live at Red Rocks,Livres
176,Zeder,Drame
120,"Shock Doctrine, The",Fantastique
883,Complicit,Romance
96,"Mooring, The",Drame
562,Take Shelter,Culture
532,The Underneath,Drame
643,Night and Day (Bam gua nat),Drame
893,I Was Monty's Double,Fantastique
812,P.U.N.K.S,Super-héros
717,Full Speed (À toute vitesse),Musique
937,Rocks in my Pockets,Thriller
100,The Land Before Time XII: The Great Day of the Flyers,Thriller
294,Mike Birbiglia: What I Should Have Said Was Nothing,Comédie
203,Mother's Day,Fantastique
972,Let It Snow,Romance
53,Films to Keep You Awake: The Baby's Room (Películas para no dormir: La habitación del niño),Drame
224,Love Games,Comédie
432,Our Fathers,Musique
1021,Disney Princess Collection: Jasmine's Enchanted Tales: Jasmine's Wish,Thriller
183,For the Birds,Horreur
892,A Mulher Invisível,Animation
96,Easy to Love,Romance
37,"Rugrats Movie, The",Super-héros
104,Yellow,Drame
249,Wild Guitar,Fantastique
473,"Woman, The",Science-fiction
836,Kiss and Tell,Comédie
309,Television Under the Swastika (Das Fernsehen unter dem Hakenkreuz),Fantastique
42,Blood Ties,Comédie
1008,"Clink of Ice, The (a.k.a.: Sound of Ice Cubes, The) (Le bruit des glaçons)",Fantastique
245,Cookie,Drame
907,Die,Animation
415,"Billy Blazes, Esq.",Super-héros
94,Arsenal,Romance
872,Brief Encounter,Fantastique
726,Goal! III,Thriller
450,Three Colors: Red (Trois couleurs: Rouge),Super-héros
986,Hiding Out,Thriller
859,"Story of Qiu Ju, The (Qiu Ju da guan si)",Super-héros
934,Stage Fright (Deliria),Science-fiction
548,Romasanta: The Werewolf Hunt,Science-fiction
485,America: Imagine the World Without Her,Fantastique
634,"Arbor, The",Animation
591,Harry Potter and the Goblet of Fire,Romance
508,"Incredibly True Adventure of Two Girls in Love, The",Super-héros
711,Mighty Morphin Power Rangers: The Movie,Comédie
153,"20,000 Days on Earth",Romance
887,Police,Drame
878,Universal Soldier: Regeneration,Comédie
893,Grouse,Musique
142,Son of a Gun,Fantastique
634,"Amish Murder, An",Science-fiction
362,Bullet for a Badman (Renegade Posse),Drame
445,"Pancho, the Millionaire Dog",Comédie
35,Why Stop Now,Romance
1030,"Trou, Le (Hole, The) (Night Watch, The)",Animation
150,"Mysterious Lady, The",Horreur
353,Girl Most Likely,Fantastique
349,Heckler,Romance
303,1984,Romance
250,"Boogie (Boogie, el aceitoso)",Horreur
477,I Want You,Science-fiction
124,Necessary Roughness,Horreur
480,Going the Distance,Musique
459,Miracle on 34th Street,Musique
928,"Sixth of the World, A (Shestaya chast mira)",Animation
405,"Run, Simon, Run",Science-fiction
207,"Merry Jail, The (Das fidele Gefängnis)",Animation
950,Franz Kafka's a Country Doctor,Culture
580,Diaries Notes and Sketches (Walden),Fantastique
377,In Gold We Trust (600 kilos d'or pur),Romance
638,Gold of Rome (L'oro di Roma),Horreur
1038,Zombie High,Comédie
3,Life 2.0,Thriller
862,Gun Crazy (a.k.a. Deadly Is the Female),Livres
253,Love Field,Animation
654,Little Giants,Super-héros
1054,Visiting Hours,Drame
213,Hatfields & McCoys,Fantastique
85,Hysteria,Animation
940,Visions of Europe,Fantastique
531,Rentun Ruusu,Animation
932,Tie Xi Qu: West of the Tracks (Tiexi qu),Culture
69,Cry of the Banshee,Horreur
744,"Last of Mrs. Cheyney, The",Musique
617,Twelfth Night,Comédie
669,Jim Norton: Please Be Offended,Fantastique
226,Blind Chance (Przypadek),Thriller
44,Made in Jamaica,Science-fiction
1029,To Have and Have Not,Musique
607,"Son of No One, The",Thriller
433,Home,Livres
221,Resident Evil: Damnation,Culture
870,"World Without Thieves, A (Tian xia wu zei)",Culture
89,"Black Stallion Returns, The",Animation
167,Day Night Day Night,Musique
59,"Gambler, The (Játékos, A)",Livres
1056,"Assassination (Ansatsu) (Assassination, The) (Assassin, The)",Super-héros
497,"Fighting Seabees, The",Animation
22,"Parent Trap, The",Thriller
316,"Paradise, Hawaiian Style",Thriller
223,Cry Wolf,Thriller
197,Employees' Entrance,Fantastique
274,Werner - Gekotzt wird später,Culture
1018,"Land, The (Al-ard)",Thriller
284,Cast A Deadly Spell,Musique
589,Mortel transfert,Thriller
643,"Look of Silence, The",Culture
913,"Hijack That Went South, The (Kaappari)",Thriller
111,Wee Willie Winkie,Science-fiction
437,Lights in the Dusk (Laitakaupungin valot),Comédie
82,"Human Comedy, The",Animation
488,Shake Hands with the Devil,Comédie
992,Paper Man,Super-héros
848,Captive Heart: The James Mink Story,Thriller
180,A Promise,Drame
251,StreetDance 3D,Musique
459,"Five Heartbeats, The",Horreur
857,Pretty Cool,Culture
358,La petite reine,Thriller
1067,Company: Original Cast Album,Science-fiction
905,Diaries Notes and Sketches (Walden),Science-fiction
429,"Mill and the Cross, The",Drame
801,Zabriskie Point,Livres
787,"Kidnapping of the President, The",Horreur
826,"Secret, The",Romance
999,Bionicle 3: Web of Shadows,Super-héros
414,Love in the Time of Cholera,Animation
435,Fallout,Horreur
348,Boy,Animation
231,Over Your Dead Body,Culture
269,"Story Written with Water, A (Mizu de kakareta monogatari)",Culture
93,A Matador's Mistress,Livres
827,Meet John Doe,Drame
415,Away with Words (San tiao ren),Animation
794,Strike (Stachka),Livres
335,Chasing Liberty,Culture
58,"Man with a Cloak, The",Comédie
771,Miranda,Drame
787,Allan Quatermain and the Lost City of Gold,Drame
26,Computer Chess,Horreur
334,7th Floor,Culture
334,Shades of Fern (Stín kapradiny),Horreur
722,Arabian Nights,Super-héros
907,"Draughtsman's Contract, The",Animation
132,David and Bathsheba,Fantastique
625,Bad Girl Island (Sirens of Eleuthera) (Sirens of the Caribbean),Thriller
1055,Who's Afraid of Virginia Woolf?,Super-héros
928,North West Frontier,Science-fiction
224,"Crimson Rivers, The (Rivières pourpres, Les)",Science-fiction
463,Latcho Drom,Culture
735,On Any Sunday,Comédie
13,Tarzan Escapes,Science-fiction
1044,"Business, The",Livres
221,Sundays and Cybele (Les dimanches de Ville d'Avray),Romance
845,Summer School,Musique
957,"Maiden Heist, The",Romance
166,An American Hippie in Israel,Thriller
474,Tropical Malady (Sud pralad),Livres
461,"Captain's Paradise, The",Livres
177,"Secret Garden, The",Animation
667,Morphia (Morfiy),Horreur
803,Cold Around the Heart,Science-fiction
360,Scott Joplin,Livres
947,Moonrise,Romance
783,Vivacious Lady,Culture
544,If These Walls Could Talk 2,Horreur
967,Warriors of Virtue,Drame
447,Mulholland Falls,Horreur
491,Lover Come Back,Drame
890,I Capture the Castle,Horreur
250,Elvis,Thriller
560,Du côté de la côte,Science-fiction
995,Beginning of the End,Super-héros
107,Darkon,Livres
803,Strip Search,Drame
180,"Dangerous Profession, A",Livres
1003,"Snow on the Pines, The",Drame
358,Clue,Animation
980,Turbulence,Thriller
40,Kiss Me Again,Fantastique
393,Condition Red (Beyond the Law),Comédie
1003,My Wife is an Actress (Ma Femme est une Actrice),Livres
99,"Cat Came Back, The",Culture
28,Shenandoah,Musique
51,Mystery Men,Animation
97,"Holy Girl, The (Niña santa, La)",Fantastique
113,"Holcroft Covenant, The",Comédie
805,Electra Glide in Blue,Romance
560,Jail Bait,Animation
325,"Emperor and the Assassin, The (Jing ke ci qin wang)",Culture
801,"Crime of Father Amaro, The (Crimen del padre Amaro, El)",Science-fiction
379,Judge Priest,Animation
1070,Treasure Planet,Drame
148,Who Wants to Kill Jessie? (Kdo chce zabít Jessii?),Musique
997,Malice,Livres
304,Gloriously Wasted,Romance
58,Kwik Stop,Fantastique
47,Two Drifters (Odete),Livres
273,Net Worth,Comédie
1056,More Than Honey,Fantastique
607,G.I. Joe: The Revenge of Cobra,Horreur
744,Schizopolis,Livres
98,Underclassman,Animation
577,"Black Coal, Thin Ice (Bai ri yan huo)",Romance
371,Boats,Thriller
304,Lady Sings the Blues,Super-héros
735,Nixon,Super-héros
519,Predestination,Drame
645,The Trip to Squash Land,Super-héros
133,No Blade of Grass,Fantastique
250,Mentiras y gordas,Romance
586,"Line King: The Al Hirschfeld Story, The",Super-héros
927,Leaves of Grass,Livres
221,Fuhrer Ex (Führer EX),Horreur
97,Rush Hour 2,Horreur
754,Zombeavers,Animation
1054,Corto Maltese in Siberia (Corto Maltese - La cour secrète des Arcanes),Comédie
879,Thomas in Love (Thomas est Amoureux),Comédie
844,It's a Great Feeling,Romance
113,"Harder They Come, The",Super-héros
784,Bionicle 3: Web of Shadows,Drame
612,Village of the Giants,Comédie
1027,Bewitched,Culture
988,Aftershock,Animation
429,Manito,Animation
355,Breaking Away,Livres
48,Fanny,Science-fiction
176,"What's Up, Scarlet?",Musique
870,"3 Rooms of Melancholia, The (Melancholian 3 huonetta)",Thriller
316,"Secret Life of Words, The",Culture
601,Four Sided Triangle,Livres
869,"Evil Cult, The (Lord of the Wu Tang) (Yi tian tu long ji: Zhi mo jiao jiao zhu)",Livres
86,DiG!,Drame
451,Point of No Return,Science-fiction
261,Milagro Beanfield War,Super-héros
558,Robot Stories,Super-héros
1025,Willy Wonka & the Chocolate Factory,Romance
347,Danton,Super-héros
758,I Love Your Work,Drame
828,Angel-A,Culture
565,Spirit: Stallion of the Cimarron,Super-héros
96,Offspring ,Culture
50,Another Gay Movie,Comédie
177,All Night Long,Horreur
617,Nightwatching,Fantastique
850,Mass Appeal,Romance
148,Red Riding Hood,Animation
298,Road Games (a.k.a. Roadgames),Comédie
621,"Twice Upon a Yesterday (a.k.a. Man with Rain in His Shoes, The)",Animation
882,Crimetime,Musique
702,Graceland,Animation
486,"Virginity Hit, The",Drame
214,You've Been Trumped,Science-fiction
711,Make Your Move,Thriller
160,"Young Lieutenant, The (Le petit lieutenant)",Science-fiction
1055,Brainstorm (Bicho de Sete Cabeças),Drame
4,Maniacts,Horreur
21,Interkosmos,Horreur
197,Crossfire Hurricane,Comédie
439,Jerry Seinfeld: 'I'm Telling You for the Last Time',Musique
66,Yes Man,Super-héros
754,How to Murder Your Wife,Thriller
213,Compulsion,Livres
252,Liberty Stands Still,Fantastique
466,Sordid Lives,Romance
329,At the Earth's Core,Musique
849,Office Space,Culture
900,The Boy,Super-héros
534,Rosencrantz and Guildenstern Are Undead,Musique
730,Oscar,Drame
98,Here Without Me (Inja bedoone man),Comédie
110,Spooner,Science-fiction
630,Grumpy Cat's Worst Christmas Ever,Comédie
71,"Private Life of Don Juan, The",Science-fiction
155,"Viking, The",Comédie
23,Oranges and Sunshine,Comédie
696,Malcolm X,Animation
559,Awesome; I Fuckin Shot That!,Livres
527,The Diary of an Unknown Soldier,Horreur
1026,From Beginning to End (Do Começo ao Fim),Livres
49,Tears of April (Käsky),Romance
160,In Which We Serve,Comédie
743,Caroline?,Drame
476,There Goes My Heart,Fantastique
1033,Women Robbers (Diebinnen),Science-fiction
130,Practical Magic,Science-fiction
608,Pitch Perfect,Comédie
1024,Zombie High,Drame
145,Léon: The Professional (a.k.a. The Professional) (Léon),Thriller
233,"Sin of Harold Diddlebock, The",Thriller
88,Just Buried,Animation
731,Saving Mr. Banks,Super-héros
119,K-9,Horreur
1004,Ringers: Lord of the Fans,Animation
1021,Convoy,Science-fiction
293,Pitch Perfect,Thriller
263,"Vampire, The",Culture
1055,Great Balls of Fire!,Comédie
240,Capone,Culture
748,"Amityville Horror, The",Horreur
683,North West Frontier,Science-fiction
933,"Gold of Naples, The (L'oro di Napoli)",Super-héros
886,"Secret Garden, The",Culture
193,Samurai Assassin (Samurai),Culture
750,"Target Shoots First, The",Comédie
804,Two Loves,Super-héros
575,Mulholland Falls,Romance
1033,"Woman's Face, A",Romance
769,"Sleep, My Love",Horreur
725,Tormento,Super-héros
620,MR 73 (a.k.a. The Last Deadly Mission),Fantastique
997,Tora-san's Rise and Fall (Otoko wa tsurai yo: Torajiro aiaigasa),Musique
781,Don't Come Knocking,Super-héros
231,Housesitter,Animation
590,"Rocket from Calabuch, The (Calabuch)",Livres
846,"Hen, his wife",Livres
198,Bag of Bones,Culture
310,From B Movie to Cult Film: Western,Super-héros
920,Hotel Terminus: The Life and Times of Klaus Barbie (Hôtel Terminus),Horreur
692,Artois the Goat,Drame
438,Samurai I: Musashi Miyamoto (Miyamoto Musashi),Comédie
88,"Muppet Musicians of Bremen, The",Super-héros
470,Couples Retreat,Horreur
282,"Bridge, The",Science-fiction
75,Ski Patrol,Romance
621,The Last Word,Culture
764,"Scotland, Pa.",Drame
881,Lowlands (Tiefland),Livres
1010,Mr. Moto in Danger Island,Musique
741,Babylon 5: The Legend of the Rangers: To Live and Die in Starlight,Livres
691,They Drive by Night,Science-fiction
1011,Sleeper,Culture
1060,Moebius,Horreur
610,Thunderheart,Animation
144,Barren Lives (Vidas Secas),Romance
972,Wee Willie Winkie,Culture
479,Horrors of Spider Island (Ein Toter Hing im Netz),Thriller
308,Neighbors,Animation
334,"Ewok Adventure, The (a.k.a. Caravan of Courage: An Ewok Adventure)",Musique
567,"Dinner Game, The (Dîner de cons, Le)",Romance
197,Rivers and Tides,Animation
1059,Thomas Jefferson,Drame
733,Birthday Girl,Animation
494,Block Party (a.k.a. Dave Chappelle's Block Party),Thriller
554,Jude,Horreur
772,"Story of Yonosuke, A (Yokomichi Yonosuke)",Animation
370,Beautiful Joe,Drame
691,Girl Model,Horreur
857,How to Kill Your Neighbor's Dog,Drame
142,Who Wants to Kill Jessie? (Kdo chce zabít Jessii?),Culture
434,Celine and Julie Go Boating (Celine et Julie vont en bateau),Drame
18,Topsy-Turvy,Fantastique
868,Family Weekend,Thriller
403,Superman,Musique
672,"Four Seasons (Seasons, The) (Vremena goda)",Livres
921,"Dust of Time, The",Livres
659,Baby's Day Out,Horreur
598,Hotel Terminus: The Life and Times of Klaus Barbie (Hôtel Terminus),Comédie
1021,The Man Who Could Cheat Death,Romance
296,Don't Torture a Duckling (Non si sevizia un paperino),Culture
533,All American Orgy (Cummings Farm),Romance
764,9th Company,Animation
390,Buffy the Vampire Slayer,Fantastique
443,Submarine,Science-fiction
288,Lethal Weapon 2,Fantastique
897,"Legend of Lobo, The",Science-fiction
539,Peter and Vandy,Science-fiction
959,Toy Story,Culture
560,Survival of the Dead,Romance
551,Main Prem Ki Diwani Hoon,Science-fiction
1067,Away with Words (San tiao ren),Thriller
807,Complicit,Comédie
538,"Killing Fields, The",Romance
352,Chicago Cab (a.k.a. Hellcab),Science-fiction
634,"War of the Worlds, The",Horreur
998,Seconds Apart ,Drame
779,In Therapy (Divã),Musique
418,More Than Honey,Livres
145,"Andromeda Strain, The",Romance
283,Grouse,Culture
907,Circle of Deceit (Die Fälschung),Science-fiction
794,Tongan Ninja,Drame
486,Hardball,Livres
1027,Love and Honor,Culture
351,"Quest, The",Drame
31,Mr. Jealousy,Fantastique
386,Pretty Sweet,Romance
622,10 to Midnight,Romance
859,"Crime of Father Amaro, The (Crimen del padre Amaro, El)",Culture
234,Ghoulies II,Horreur
1056,Chu Chin Chow,Animation
7,"Mark of Cain, The",Romance
1055,Billy Elliot,Drame
410,Night of the Living Dead,Drame
1039,"What's Up, Scarlet?",Romance
677,Beaver Trilogy Part IV,Romance
779,"Ghost, The",Livres
964,"Jackal, The",Romance
201,Adventures of Power,Super-héros
980,Alive Day Memories: Home from Iraq (Occupation Iraq),Livres
439,"Paimen, piika ja emäntä",Romance
833,Deadline at Dawn,Science-fiction
687,Au revoir les enfants,Livres
240,"Deadly Mantis, The",Horreur
57,"Wrong Guys, The",Livres
467,Human Planet,Musique
481,Feast of July,Livres
686,White Oleander,Thriller
505,"Prisoner of Zenda, The",Musique
44,"Hail Mary ('Je vous salue, Marie')",Romance
57,Cronos,Livres
638,California Solo,Romance
526,"M. Hulot’s Holiday (Mr. Hulot's Holiday) (Vacances de Monsieur Hulot, Les)",Romance
352,Forbidden Zone,Comédie
233,"Chosen One, The",Musique
240,How to Make a Monster,Drame
110,Office Space,Thriller
58,"Master, The",Animation
230,P.U.N.K.S,Culture
926,Camel Spiders,Livres
610,Wild China,Livres
145,Backstage,Romance
244,"Little Prince, The",Livres
368,Jackpot 2,Fantastique
1070,Leonard Cohen: I'm Your Man,Musique
766,My Boy,Fantastique
1065,How to Eat Fried Worms,Super-héros
330,"Happening, The",Drame
616,Shadows of Our Forgotten Ancestors (Tini zabutykh predkiv),Super-héros
699,One Hour Photo,Culture
617,Copycat,Fantastique
757,Time Stood Still (Il tempo si è fermato),Livres
591,"Nature of Existence, The",Super-héros
848,Hadewijch,Culture
4,Getaway,Thriller
57,Path to War,Livres
959,Yertle the Turtle and Other Stories,Musique
100,"Case of the Grinning Cat, The (Chats perchés)",Fantastique
497,"Rugrats Movie, The",Culture
833,House Hunting,Fantastique
343,"Four, The (Si da ming bu)",Fantastique
1007,"Iron Horse, The",Romance
234,Roger & Me,Musique
919,Kiss or Kill,Culture
242,Howards End,Romance
1043,"Lincoln Lawyer, The",Super-héros
855,Lili Marleen,Animation
444,Deathdream (a.k.a. Dead of Night),Culture
172,"Profit, The",Animation
39,Journey to the Beginning of Time,Livres
38,Guardian Angel,Culture
580,Gung Ho! (Gung Ho!: The Story of Carlson's Makin Island Raiders),Animation
1027,"Thing Called Love, The",Science-fiction
579,Crazy Stone (Fengkuang de shitou),Musique
517,Midway,Super-héros
743,Safe House,Musique
917,Bill Burr: Let It Go,Comédie
386,Prince Valiant,Super-héros
139,The Appointments of Dennis Jennings,Musique
827,Disco Godfather,Fantastique
524,Expelled: No Intelligence Allowed,Comédie
24,Restraint,Fantastique
60,Hannah Arendt,Animation
26,"Reluctant Astronaut, The",Super-héros
599,Far Out Man,Drame
819,Incir Reçeli,Thriller
73,"Prey, The (La proie)",Fantastique
791,Bartleby,Super-héros
227,Bucktown,Culture
435,Sideways,Livres
210,Bee Movie,Thriller
375,Death Defying Acts,Thriller
484,Albatross,Thriller
18,Dragon: The Bruce Lee Story,Musique
119,The Gambler,Drame
321,Nick Offerman: American Ham,Musique
55,Arsène Lupin,Drame
892,Zookeeper,Drame
338,Gothic,Thriller
692,Quest for Camelot,Livres
165,Sphinx,Drame
1031,Frankenstein Unbound,Livres
625,Theodora Goes Wild,Thriller
123,"Debut, The",Thriller
360,"Secret Life of Walter Mitty, The",Horreur
1027,36 Quai des Orfèvres (Department 36),Animation
265,"To Have, or Not (En avoir (ou pas))",Comédie
480,Dying of Laughter (Muertos de Risa),Thriller
383,Bad Girl Island (Sirens of Eleuthera) (Sirens of the Caribbean),Fantastique
206,Rise of the Footsoldier,Horreur
912,If Winter Comes,Animation
552,Triad Election (Election 2) (Hak se wui yi wo wai kwai),Horreur
785,"Cherry Orchard, The (Sakura no sono)",Culture
931,In God We Teach,Fantastique
455,Neighbors,Drame
69,How I Got Into College,Science-fiction
382,King Lines,Thriller
822,"Clairvoyant, The",Animation
436,Cyrano de Bergerac,Romance
501,Hallåhallå,Animation
595,Destiny (Al-massir),Fantastique
576,Chloe,Animation
534,The Pacific,Animation
986,"Goodbye Bafana (Color of Freedom, The)",Romance
123,Mister Buddwing,Culture
258,Kiss or Kill,Musique
300,Evangelion: 1.0 You Are (Not) Alone (Evangerion shin gekijôban: Jo),Musique
257,Frankenstein Conquers the World,Livres
590,She Hate Me,Thriller
691,Free Radicals (Böse Zellen),Musique
561,"Exploding Girl, The",Culture
432,"World Without Thieves, A (Tian xia wu zei)",Science-fiction
617,"Winning Team, The",Culture
313,Padre padrone,Thriller
1067,Lay the Favorite,Romance
1035,"Man Without a Past, The (Mies vailla menneisyyttä)",Super-héros
424,Mass Appeal,Thriller
430,Von Ryan's Express,Horreur
514,Blazing Guns,Animation
680,Deep Rising,Culture
574,"Innocent Sleep, The",Livres
108,"Scientist, The",Livres
78,Ernest in the Army,Comédie
162,Cheerful Weather for the Wedding,Comédie
756,Score: A Hockey Musical,Animation
930,"Five Heartbeats, The",Livres
718,En rachâchant,Super-héros
984,"Border Run (Mule, The)",Horreur
807,Tanguy,Super-héros
72,Narrow Margin,Drame
546,Kiss or Kill,Musique
155,"Breach, The (Rupture, La)",Science-fiction
1058,Reflections in a Golden Eye,Livres
297,Encounters at the End of the World,Livres
229,Colors,Animation
178,5 Dolls for an August Moon (5 bambole per la luna d'agosto),Musique
516,Eyes Wide Shut,Super-héros
646,Burn! (Queimada),Comédie
844,"Old Lady Who Walked in the Sea, The (Vieille qui marchait dans la mer, La)",Super-héros
408,Tyler Perry's Madea's Family Reunion,Thriller
959,Simple Men,Musique
500,WarGames: The Dead Code,Science-fiction
906,"Wages of Fear, The (Salaire de la peur, Le)",Livres
976,Samson and Delilah,Drame
4,Tucker & Dale vs Evil,Comédie
785,Reckless,Horreur
450,Paths of Hate,Comédie
643,Make Your Move,Science-fiction
183,Incident at Loch Ness,Super-héros
867,Black Snake Moan,Super-héros
664,In the House,Horreur
667,Man in the Wilderness,Animation
668,Helvetica,Romance
520,Betrayed,Fantastique
186,"East, West, East: The Final Sprint",Thriller
549,Redemption: For Robbing the Dead,Romance
37,Riders,Fantastique
743,In the Blood,Horreur
86,Freeloaders,Fantastique
460,Crazy on the Outside,Culture
146,Christmas Comes but Once a Year,Drame
737,Searching for Bobby Fischer,Comédie
272,Lagaan: Once Upon a Time in India,Romance
888,Willy Wonka & the Chocolate Factory,Thriller
982,Hysterical Blindness,Science-fiction
282,"Affair of the Necklace, The",Romance
281,Fatty and Mabel Adrift,Drame
319,Trick,Fantastique
826,"Child Is Waiting, A",Culture
256,Wild Guitar,Super-héros
386,Texas Chainsaw Massacre: The Next Generation (a.k.a. The Return of the Texas Chainsaw Massacre),Livres
986,Hara-Kiri: Death of a Samurai,Culture
223,The Invisible Frame,Romance
275,Long Weekend,Comédie
401,Crazy in Alabama,Science-fiction
796,$ (Dollars),Animation
566,Trio,Livres
198,The Boys,Romance
549,Ragnarok,Science-fiction
148,8MM 2,Horreur
166,Dead End,Science-fiction
54,Die Another Day,Horreur
922,Under the Rainbow,Fantastique
801,Sweet Home Alabama,Livres
651,Lonelyhearts,Musique
80,Dying of Laughter (Muertos de Risa),Romance
583,She and Her Cat (Kanojo to kanojo no neko),Drame
215,Command Decision,Science-fiction
330,For the Bible Tells Me So,Fantastique
175,Sid and Nancy,Drame
627,"3 Worlds of Gulliver, The",Animation
923,Riders,Livres
782,They Drive by Night,Animation
429,"Trip to Mars, A",Horreur
576,Chicago Cab (a.k.a. Hellcab),Science-fiction
1062,"Lady of Chance, A",Science-fiction
464,"Late Quartet, A",Drame
1013,"Barrens, The",Science-fiction
157,"Purple Plain, The",Livres
733,Sasha (Sascha),Super-héros
741,Winter of Frozen Dreams,Science-fiction
173,Albatross,Musique
337,BFFs,Livres
244,Wild Boys of the Road,Animation
241,College Road Trip,Comédie
1002,Riot on Sunset Strip,Science-fiction
490,The Sinners of Hell,Super-héros
772,"Darwin Awards, The",Drame
792,"Karate Kid, Part II, The",Science-fiction
752,"Rains of Ranchipur, The",Livres
821,How to Lose a Guy in 10 Days,Fantastique
286,Husk,Romance
744,Colpo in canna,Romance
35,"Summer Hours (Heure d'été, L')",Science-fiction
694,Straight Shooting,Romance
181,Once in a Lifetime,Comédie
988,After School Midnighters (Hôkago middonaitâzu),Super-héros
313,Wake,Science-fiction
307,When Worlds Collide,Thriller
521,"Curse of the Werewolf, The",Super-héros
617,Tukkijoella,Livres
527,Miracle at Oxford (True Blue),Horreur
31,Bad Blood (Mauvais sang),Thriller
134,"Perfect Couple, A",Fantastique
573,Anna: 6-18 (Anna: Ot shesti do vosemnadtsati),Culture
679,"Vampires, Les",Thriller
331,"Little World of Don Camillo, The (Petit monde de Don Camillo, Le)",Animation
924,Free Birds,Drame
818,Funny Face,Romance
542,Roller Boogie,Culture
937,Song of the Sea,Thriller
570,Weekend,Thriller
81,Night Train,Fantastique
831,Turn the River,Musique
653,Kink,Science-fiction
761,Step Up 3D,Science-fiction
515,Samson and Delilah,Romance
1045,"Second Time Around, The",Romance
625,"Holcroft Covenant, The",Thriller
192,Grief,Drame
855,"Debut, The",Animation
340,Titus,Livres
813,"Phantom Stagecoach, The",Thriller
438,"Englishman in New York, An",Romance
851,"Manxman, The",Livres
213,Boyz N the Hood,Animation
814,"Walk Softly, Stranger",Culture
753,"Monster, The (Mostro, Il)",Fantastique
54,En på miljonen,Musique
505,Bigger Than Life,Romance
773,Someday This Pain Will Be Useful to You,Drame
634,"Descendants, The",Culture
908,"Winslow Boy, The",Thriller
30,A Good Marriage,Drame
767,The End of the Tour,Animation
822,Attack of the 50ft Cheerleader,Romance
201,Broken Flowers,Thriller
766,Bedazzled,Thriller
701,Necessary Roughness,Comédie
801,Beyond Rangoon,Musique
799,"Swades: We, the People (Our Country)",Comédie
786,Whitewash,Fantastique
312,Make the Yuletide Gay,Science-fiction
369,7th Floor,Drame
660,Ginger Snaps Back: The Beginning,Livres
83,"Toy, The",Livres
337,Treasure Planet,Comédie
924,"Love, Honour and Obey",Romance
807,Big Trouble in Little China,Romance
704,"Black Cat, The",Comédie
413,Rivers and Tides,Horreur
1039,"Guard, The",Super-héros
854,Mía,Musique
306,A Matador's Mistress,Fantastique
801,Santitos,Fantastique
345,"Jazz Singer, The",Romance
922,Wake Island,Livres
646,They Bite,Livres
1058,"Bottom of the Sea, The (El fondo del mar)",Musique
731,Ice Princess,Livres
1,Summer School,Livres
1032,Desi Boyz,Super-héros
141,Films to Keep You Awake: The Baby's Room (Películas para no dormir: La habitación del niño),Animation
375,Shadows (Cienie),Science-fiction
544,Which Way to the Front?,Science-fiction
35,"Book Thief, The",Super-héros
794,"Murder, He Says",Science-fiction
8,"Love Bug, The",Thriller
550,Secret Things (Choses secrètes),Super-héros
757,"Royal Scandal, A",Thriller
852,"Devil Doll, The",Thriller
737,Mary Poppins,Fantastique
686,"Gospel of John, The",Science-fiction
763,3 Days to Kill,Comédie
851,"Wednesday!, A",Livres
170,"Slums of Beverly Hills, The",Culture
137,Death Wish,Drame
181,Capone,Livres
891,Thousands Cheer,Musique
543,Spriggan (Supurigan),Fantastique
493,I Will Follow You Into the Dark,Animation
366,Louis Cyr: The Strongest Man in the World,Science-fiction
616,Choose,Animation
477,Darkon,Drame
40,Barbarosa,Musique
588,"Princess for Christmas, A",Comédie
310,Winter Nomads,Musique
871,Up!,Science-fiction
429,Barren Lives (Vidas Secas),Romance
976,Space Cowboys,Livres
648,Breaking Wind,Science-fiction
741,Nick Offerman: American Ham,Romance
647,Happy Feet Two,Thriller
873,Little Fockers,Culture
646,"Dangerous Profession, A",Drame
829,"Emergency Escape, The (Wyjscie awaryjne)",Musique
626,"Nanny Diaries, The",Science-fiction
144,Ernest & Célestine (Ernest et Célestine),Romance
589,Roberto Succo,Comédie
542,Zen Noir,Animation
535,Murder by Proxy: How America Went Postal,Comédie
793,Spring Breakers,Culture
413,Burlesque,Animation
270,"Spiral Staircase, The",Romance
912,Paradise Alley,Comédie
412,Looking Forward,Super-héros
687,200 Motels,Romance
32,Phantasm,Culture
470,Straw Dogs,Culture
526,Right America: Feeling Wronged - Some Voices from the Campaign Trail ,Science-fiction
700,Gothic,Livres
94,"Married Couple, A",Super-héros
187,Tank Girl,Horreur
757,Messengers 2: The Scarecrow,Drame
805,Nanking,Fantastique
1065,Hero,Livres
621,Choose,Super-héros
234,Shame (Skammen),Science-fiction
725,Drug War (Du zhan),Musique
567,Amber Alert ,Horreur
913,In Name Only,Horreur
582,"Color Wheel, The",Musique
551,Forest (Rengeteg),Romance
303,"Naughty Room, The",Animation
847,OT: Our Town,Livres
833,The Killing Jar,Horreur
965,Sound of Noise,Science-fiction
331,Rush Hour 2,Horreur
552,Crash,Comédie
628,"MatchMaker, The",Culture
259,"Wages of Fear, The (Salaire de la peur, Le)",Animation
879,Cut-Throats Nine (Condenados a vivir),Thriller
149,The Last Word,Horreur
218,"Passion of Anna, The (Passion, En)",Comédie
706,"Northerners, The (De noorderlingen)",Comédie
793,21 tapaa pilata avioliitto,Science-fiction
665,Fearless Hyena II (Long teng hu yue),Comédie
547,Riot on Sunset Strip,Thriller
737,Slaughter of the Innocents,Super-héros
430,Heckler,Science-fiction
307,I Want You,Musique
929,Burning Palms,Comédie
672,Time Stood Still (Il tempo si è fermato),Thriller
328,Mistress,Horreur
243,Last Cowboy Standing (Skavabölen pojat),Livres
382,Rosenstrasse,Thriller
564,Possession,Thriller
845,Love Simple,Comédie
705,Manito,Horreur
810,Shadows (Cienie),Culture
573,Lila & Eve,Drame
333,"Secret Adventures of Gustave Klopp, The (Narco)",Comédie
847,Dead Bang,Fantastique
791,"Muppet Musicians of Bremen, The",Thriller
389,Predestination,Musique
421,Lost in the Desert,Fantastique
385,"Battle of Shaker Heights, The",Horreur
1021,Young Adult,Culture
1008,Fanny,Science-fiction
298,Asphalt Playground (La cité rose),Horreur
521,Wonderful and Loved by All (Underbar och älskad av alla),Science-fiction
450,"Dream Catcher, The",Livres
545,Camille Claudel,Comédie
370,Rubber Johnny,Thriller
62,Eulogy,Horreur
530,Mr. Lucky,Super-héros
941,Imagine I'm Beautiful,Science-fiction
1005,Deadly Surveillance,Super-héros
603,Man About Town,Horreur
706,"Ultramarathon Man: 50 Marathons, 50 States, 50 Days",Super-héros
892,"Black Coal, Thin Ice (Bai ri yan huo)",Thriller
975,A Girl Walks Home Alone at Night,Drame
973,"Jackal, The",Horreur
449,Pitch Perfect,Musique
682,Buttcrack,Livres
639,A Second Chance,Culture
976,"Most Beautiful, The (Ichiban utsukushiku)",Fantastique
924,"Nibelungen: Siegfried, Die",Fantastique
323,Tarda estate,Comédie
104,That Darn Cat,Super-héros
88,Here Without Me (Inja bedoone man),Musique
916,"Butcher, The (Boucher, Le)",Comédie
25,Riding Alone for Thousands of Miles (Qian li zou dan qi),Romance
826,Romanzo Criminale,Comédie
391,"Hounds, The",Thriller
685,Filming 'Othello',Thriller
431,Beauty Shop,Science-fiction
431,The Sinners of Hell,Horreur
756,Reincarnated,Super-héros
612,"Devil's Backbone, The (Espinazo del diablo, El)",Fantastique
258,The Righteous Thief,Super-héros
456,Norm MacDonald: Me Doing Standup,Romance
694,Taqwacore: The Birth of Punk Islam,Drame
388,Fearless Hyena II (Long teng hu yue),Comédie
427,Stranger than Fiction,Drame
738,The Gentleman from Epsom,Drame
263,"Forger, The",Animation
312,First Monday in October,Super-héros
207,Kawa,Horreur
372,The Car,Science-fiction
436,I Met Him in Paris,Animation
741,The Second Best Exotic Marigold Hotel,Horreur
938,"Sun Also Rises, The",Romance
564,"Have Rocket, Will Travel",Culture
414,Lady in Cement,Romance
570,Serenity,Thriller
734,"Nature of Existence, The",Musique
294,"Darjeeling Limited, The",Livres
698,Eros (Men and Women) (Noite Vazia),Culture
847,Love Meetings (Comizi d'amore),Musique
1006,Company: Original Cast Album,Fantastique
966,"Bone Man, The (Der Knochenmann)",Thriller
420,Disco Godfather,Romance
1055,"Toy, The",Livres
246,"Lincoln Lawyer, The",Super-héros
237,May Fools (Milou en mai),Super-héros
719,Bakhita,Culture
574,Wishing Stairs (Yeogo goedam 3: Yeowoo gyedan),Romance
725,"Dinner Game, The (Dîner de cons, Le)",Horreur
949,"Crucible, The",Super-héros
907,Cobra,Musique
818,Relative Strangers,Animation
658,"Desert of the Tartars, The (Deserto dei Tartari, Il)",Romance
800,"Incredibly True Adventure of Two Girls in Love, The",Romance
241,"Stars Look Down, The",Livres
753,Harriet Craig,Animation
149,Hardboiled Egg (Ovosodo),Fantastique
776,Honeymoons,Musique
952,Fuck Up,Romance
682,Letters from Iwo Jima,Culture
12,Kisses,Thriller
490,Monster House,Super-héros
404,Someday This Pain Will Be Useful to You,Fantastique
355,"Thousand Clowns, A",Culture
120,Den enskilde medborgaren,Livres
239,Never on Sunday (Pote tin Kyriaki),Horreur
560,1990: The Bronx Warriors (1990: I guerrieri del Bronx),Livres
668,Scream of Fear (a.k.a. Taste of Fear),Fantastique
805,They Might Be Giants,Horreur
1010,Paper Lion,Livres
994,Where Is the Friend's Home? (Where Is My Friend's House?) (Khane-ye doust kodjast?),Comédie
647,"Blank Generation, The",Animation
940,Friday the 13th Part 2,Animation
1064,Hit the Bank (Vabank),Comédie
1014,In the Year of the Pig,Comédie
649,"Puff, Puff, Pass",Super-héros
830,"Secret Garden, The",Musique
363,Lantana,Fantastique
1019,Antiviral,Thriller
527,"She Does Not Drink, Smoke or Flirt But... She Talks",Super-héros
165,Prizzi's Honor,Comédie
510,"Landlord, The",Drame
857,Eat Sleep Die (Äta sova dö),Romance
677,Edmund Kean: Prince Among Lovers (Kean),Musique
815,Crude,Culture
494,Chicken with Plums (Poulet aux prunes),Romance
558,Exit Wounds,Musique
535,Port of Flowers,Comédie
854,The Trial of Lee Harvey Oswald,Romance
479,Love Meetings (Comizi d'amore),Science-fiction
910,London Boulevard,Animation
659,Woman in the Dunes (Suna no onna),Culture
167,Ernest in the Army,Animation
820,More Than Honey,Drame
274,Star Wars: Episode IV - A New Hope,Thriller
472,"Homecoming, The",Romance
176,Flight of the Conchords: A Texan Odyssey,Musique
584,That's Entertainment,Super-héros
629,"Lincoln Lawyer, The",Culture
1036,"Simple-Minded Murder, The (Enfaldige mördaren, Den)",Comédie
127,The Feminine Touch,Super-héros
175,Girl with Green Eyes,Science-fiction
498,Four Shades of Brown (Fyra nyanser av brunt),Romance
679,800 Bullets (800 Balas),Livres
389,Slaves to the Underground,Culture
895,Among Us (Onder Ons),Thriller
884,"Shooter, The",Drame
19,Memories of Murder (Salinui chueok),Horreur
451,Lassie,Science-fiction
240,The Police Can't Move,Science-fiction
1060,Barefoot in the Park,Comédie
490,"Secret Policeman's Other Ball, The",Animation
995,Coming Out,Musique
906,Dear Wendy,Fantastique
436,The Power and the Glory,Culture
45,På sista versen,Drame
277,Diên Biên Phú,Comédie
343,"Pancho, the Millionaire Dog",Comédie
727,"Viking, The",Romance
825,Relative Strangers,Drame
845,Cry Wolf,Science-fiction
755,"Diaries of Vaslav Nijinsky, The",Comédie
538,"NeverEnding Story, The",Science-fiction
579,Midnight Madness,Comédie
803,Saving Mr. Banks,Culture
461,"Secret Life of Walter Mitty, The",Fantastique
491,Star Wars: Episode V - The Empire Strikes Back,Culture
470,"Other Sister, The",Culture
897,"Yellow Sea, The (a.k.a. The Murderer) (Hwanghae)",Super-héros
717,Keeping Up with the Steins,Comédie
622,Bethlehem,Horreur
137,Scent of a Woman,Horreur
385,I Was a Male War Bride,Thriller
725,Bigger Than Life,Drame
188,"Star, The",Science-fiction
291,China Moon,Livres
632,Death of a President,Fantastique
958,Prime Suspect 7: The Final Act,Culture
560,"Normal Heart, The",Animation
855,Heart Like a Wheel,Super-héros
514,"Honey, I Shrunk the Kids",Drame
535,Two Loves,Romance
88,"Story of Yonosuke, A (Yokomichi Yonosuke)",Fantastique
494,Stonewall,Animation
164,Streets of Fire,Romance
79,Beloved/Friend (a.k.a. Amigo/Amado) (Amic/Amat),Super-héros
283,"Last of the Mohicans, The",Musique
769,French Fried Vacation 2 (Les bronzés font du ski),Super-héros
666,Toy Story,Drame
400,...tick... tick... tick...,Animation
837,"27 Club, The",Culture
443,Our Hospitality,Animation
483,Objectified,Thriller
496,A Lesson Before Dying,Science-fiction
1035,"Assassination (Ansatsu) (Assassination, The) (Assassin, The)",Thriller
302,Young Ones,Musique
460,Caroline?,Drame
501,House,Drame
291,"Vampire, The",Culture
715,Toy Story 3,Romance
324,Cast A Deadly Spell,Animation
721,All Night Long,Thriller
247,The Brave Little Toaster Goes to Mars,Livres
948,Zookeeper,Science-fiction
728,Lumiere and Company (Lumière et compagnie),Fantastique
689,"Hey, Happy!",Science-fiction
549,"Man Who Fell to Earth, The",Fantastique
13,North West Frontier,Science-fiction
121,The Prophecy: Forsaken,Comédie
419,West Side Story,Animation
333,"Dust Factory, The",Horreur
317,Dead on Time,Musique
344,Jay and Silent Bob Strike Back,Thriller
239,Jackpot 2,Musique
526,Excuse My Dust,Science-fiction
938,The Underneath,Culture
496,Dark Tide,Drame
132,Rent: Filmed Live on Broadway,Fantastique
499,Alvin and the Chipmunks,Musique
235,"Fire Within, The (Feu follet, Le)",Drame
604,"Guyver, The",Culture
655,Election Day,Horreur
183,Bless the Child,Culture
648,Mother (Mat),Thriller
197,Highway to Hell,Thriller
267,Around the World Under the Sea,Fantastique
1003,F/X2 (a.k.a. F/X 2 - The Deadly Art of Illusion),Livres
904,Bandolero!,Culture
166,"Black Camel, The (Charlie Chan in the Black Camel)",Science-fiction
841,Blame It on the Bellboy,Animation
942,Stage Fright (Deliria),Thriller
84,Transformers: Age of Extinction,Musique
1002,Flower Drum Song,Comédie
888,The Third Reich: The Rise & Fall,Drame
131,"Incredible Shrinking Woman, The",Animation
1,Inspector Gadget,Fantastique
460,Suppose They Gave a War and Nobody Came?,Thriller
1057,Mio in the Land of Faraway (Mio min Mio),Super-héros
619,Fingers at the Window,Super-héros
803,Combien Tu M'aimes? (How Much Do You Love Me?),Thriller
655,Mean Creek,Livres
888,Keyhole,Culture
114,"War of the Worlds, The",Fantastique
522,Despicable Me,Science-fiction
1046,Kabluey,Fantastique
680,Tower Heist,Super-héros
194,Just Buried,Thriller
622,My Love Has Been Burning (Waga koi wa moenu),Thriller
1056,Cinderella III: A Twist in Time,Livres
99,No Logo,Comédie
333,A Gathering of Eagles,Musique
515,Relative Strangers,Drame
62,Night and Day,Culture
1056,Django,Fantastique
517,Dreaming of Joseph Lees,Fantastique
815,Asterix at the Olympic Games (Astérix aux jeux olympiques),Fantastique
421,"Small Town, The (a.k.a. The Town) (Kasaba)",Animation
192,Three Lives and Only One Death (Trois vies & une seule mort),Comédie
358,"Crude Oasis, The",Livres
850,Rounders,Super-héros
401,Wheels on Meals (Kuai can che),Horreur
170,Reunion in France,Musique
104,Nokas,Fantastique
938,"Pervert's Guide to Ideology, The",Romance
280,Pan,Comédie
911,Human Trafficking,Drame
117,Redemption: For Robbing the Dead,Culture
431,Things to Come,Fantastique
888,Six in Paris (Paris vu par...),Comédie
326,Tinker Tailor Soldier Spy,Drame
74,"Fish Child, The (El niño pez)",Animation
584,Killer Klowns from Outer Space,Drame
400,Arachnoquake,Culture
897,Prime Suspect,Thriller
790,Boys and Girls,Fantastique
319,"Naked Kiss, The",Romance
1030,Bartleby,Culture
251,"Last of the Mohicans, The",Horreur
303,"Lonely Guy, The",Comédie
907,Panic,Drame
833,Craig Ferguson: A Wee Bit o' Revolution,Animation
199,7 Below (Seven Below),Culture
965,Things to Come,Horreur
858,The Runner from Ravenshead,Livres
280,Violette (Violette Nozière),Romance
560,Foxcatcher,Animation
91,"Mondays in the Sun (Lunes al sol, Los)",Romance
874,Ride,Drame
339,High Fidelity,Musique
637,Mr. Morgan's Last Love,Super-héros
170,Bombón: El Perro (El perro),Horreur
733,"Battle of Shaker Heights, The",Fantastique
574,"Reckoning, The",Romance
165,"Legend of Lobo, The",Thriller
598,Nixon,Culture
442,Oki's Movie (Ok-hui-ui yeonghwa),Super-héros
1009,Death Ship,Science-fiction
578,Slumdog Millionaire,Horreur
885,The Winslow Boy,Thriller
959,"Mountain, The",Livres
481,Derailed,Livres
777,Brushfires,Romance
167,Kitchen Party,Super-héros
792,Single White Female,Livres
254,"Emperor and the Assassin, The (Jing ke ci qin wang)",Super-héros
1018,Painless (Insensibles) ,Musique
474,Television Under the Swastika (Das Fernsehen unter dem Hakenkreuz),Animation
153,Kink,Culture
788,Legalese,Musique
553,Home Fries,Culture
493,Stargate SG-1 Children of the Gods - Final Cut,Horreur
345,Zabriskie Point,Super-héros
955,Playing the Victim (Izobrazhaya zhertvu),Musique
1025,Chaos,Animation
644,Backtrack (Catchfire),Super-héros
343,Chilly Scenes of Winter (Head Over Heels),Livres
649,Hidden (a.k.a. Cache) (Caché),Comédie
304,DarkBlueAlmostBlack (Azuloscurocasinegro),Thriller
738,"Eagle, The",Livres
548,April Story,Animation
99,Black Widow,Science-fiction
102,Cuba,Comédie
576,Crazy in Alabama,Horreur
833,"St. Francisville Experiment, The",Science-fiction
396,DiG!,Romance
1030,Bring Me the Head of Alfredo Garcia,Comédie
764,"New One-Armed Swordsman, The (Xin du bi dao)",Livres
540,"Crush, The",Drame
